variable;variable_id;job_number;year
id;R0000100;;1997
industry;R0171900;1;1997
industry;R0172000;2;1997
industry;R0172100;3;1997
industry;R0172200;4;1997
industry;R0172300;5;1997
industry;R0172400;6;1997
industry;R0172500;7;1997
job_satisfaction;R0244700;1;1997
job_satisfaction;R0244800;2;1997
job_satisfaction;R0244900;3;1997
job_satisfaction;R0245000;4;1997
job_satisfaction;R0245100;5;1997
job_satisfaction;R0245200;6;1997
job_satisfaction;R0245300;7;1997
start_month;R0529701;1;1997
start_year;R0529702;1;1997
start_month;R0529801;2;1997
start_year;R0529802;2;1997
start_month;R0529901;3;1997
start_year;R0529902;3;1997
start_month;R0530001;4;1997
start_year;R0530002;4;1997
start_month;R0530101;5;1997
start_year;R0530102;5;1997
start_month;R0530201;6;1997
start_year;R0530202;6;1997
start_month;R0530301;7;1997
start_year;R0530302;7;1997
stop_month;R0530401;1;1997
stop_year;R0530402;1;1997
stop_month;R0530501;2;1997
stop_year;R0530502;2;1997
stop_month;R0530601;3;1997
stop_year;R0530602;3;1997
stop_month;R0530701;4;1997
stop_year;R0530702;4;1997
stop_month;R0530801;5;1997
stop_year;R0530802;5;1997
stop_month;R0530901;6;1997
stop_year;R0530902;6;1997
stop_month;R0531001;7;1997
stop_year;R0531002;7;1997
employer_id;R0531100;1;1997
employer_id;R0531200;2;1997
employer_id;R0531300;3;1997
employer_id;R0531400;4;1997
employer_id;R0531500;5;1997
employer_id;R0531600;6;1997
employer_id;R0531700;7;1997
age;R1194100;;1997
hourly_pay;R1208500;1;1997
hourly_pay;R1208600;2;1997
hourly_pay;R1208700;3;1997
hourly_pay;R1208800;4;1997
hourly_pay;R1208900;5;1997
hourly_pay;R1209000;6;1997
hourly_pay;R1209100;7;1997
hours_worked;R1209101;1;1997
hours_worked;R1209102;2;1997
hours_worked;R1209103;3;1997
hours_worked;R1209104;4;1997
hours_worked;R1209105;5;1997
hours_worked;R1209106;6;1997
hours_worked;R1209107;7;1997
industry;R1846600;1;1998
industry;R1846700;2;1998
industry;R1846800;3;1998
industry;R1846900;4;1998
industry;R1847000;5;1998
industry;R1847100;6;1998
industry;R1847200;7;1998
industry;R1847300;8;1998
industry;R1847400;9;1998
job_satisfaction;R2050800;1;1998
job_satisfaction;R2050900;2;1998
job_satisfaction;R2051000;3;1998
job_satisfaction;R2051100;4;1998
job_satisfaction;R2051200;5;1998
job_satisfaction;R2051300;6;1998
job_satisfaction;R2051400;7;1998
job_satisfaction;R2051500;9;1998
start_month;R2472501;1;1998
start_year;R2472502;1;1998
start_month;R2472601;2;1998
start_year;R2472602;2;1998
start_month;R2472701;3;1998
start_year;R2472702;3;1998
start_month;R2472801;4;1998
start_year;R2472802;4;1998
start_month;R2472901;5;1998
start_year;R2472902;5;1998
start_month;R2473001;6;1998
start_year;R2473002;6;1998
start_month;R2473101;7;1998
start_year;R2473102;7;1998
start_month;R2473201;8;1998
start_year;R2473202;8;1998
start_month;R2473301;9;1998
start_year;R2473302;9;1998
stop_month;R2473401;1;1998
stop_year;R2473402;1;1998
stop_month;R2473501;2;1998
stop_year;R2473502;2;1998
stop_month;R2473601;3;1998
stop_year;R2473602;3;1998
stop_month;R2473701;4;1998
stop_year;R2473702;4;1998
stop_month;R2473801;5;1998
stop_year;R2473802;5;1998
stop_month;R2473901;6;1998
stop_year;R2473902;6;1998
stop_month;R2474001;7;1998
stop_year;R2474002;7;1998
stop_month;R2474101;8;1998
stop_year;R2474102;8;1998
stop_month;R2474201;9;1998
stop_year;R2474202;9;1998
employer_id;R2476100;1;1998
employer_id;R2476200;2;1998
employer_id;R2476300;3;1998
employer_id;R2476400;4;1998
employer_id;R2476500;5;1998
employer_id;R2476600;6;1998
employer_id;R2476700;7;1998
employer_id;R2476800;8;1998
employer_id;R2476900;9;1998
age;R2553500;;1998
hourly_pay;R2567200;1;1998
hourly_pay;R2567300;2;1998
hourly_pay;R2567400;3;1998
hourly_pay;R2567500;4;1998
hourly_pay;R2567600;5;1998
hourly_pay;R2567700;6;1998
hourly_pay;R2567800;7;1998
hourly_pay;R2567900;8;1998
hourly_pay;R2568000;9;1998
hours_worked;R2568001;1;1998
hours_worked;R2568002;2;1998
hours_worked;R2568003;3;1998
hours_worked;R2568004;4;1998
hours_worked;R2568005;5;1998
hours_worked;R2568006;6;1998
hours_worked;R2568007;7;1998
hours_worked;R2568008;8;1998
hours_worked;R2568009;9;1998
industry;R3189000;1;1999
industry;R3189100;2;1999
industry;R3189200;3;1999
industry;R3189300;4;1999
industry;R3189400;5;1999
industry;R3189500;6;1999
industry;R3189600;7;1999
industry;R3189700;8;1999
industry;R3189800;9;1999
job_satisfaction;R3388000;1;1999
job_satisfaction;R3388100;2;1999
job_satisfaction;R3388200;3;1999
job_satisfaction;R3388300;4;1999
job_satisfaction;R3388400;5;1999
job_satisfaction;R3388500;6;1999
job_satisfaction;R3388600;7;1999
job_satisfaction;R3388700;9;1999
start_month;R3786401;1;1999
start_year;R3786402;1;1999
start_month;R3786501;2;1999
start_year;R3786502;2;1999
start_month;R3786601;3;1999
start_year;R3786602;3;1999
start_month;R3786701;4;1999
start_year;R3786702;4;1999
start_month;R3786801;5;1999
start_year;R3786802;5;1999
start_month;R3786901;6;1999
start_year;R3786902;6;1999
start_month;R3787001;7;1999
start_year;R3787002;7;1999
start_month;R3787101;8;1999
start_year;R3787102;8;1999
start_month;R3787201;9;1999
start_year;R3787202;9;1999
stop_month;R3787301;1;1999
stop_year;R3787302;1;1999
stop_month;R3787401;2;1999
stop_year;R3787402;2;1999
stop_month;R3787501;3;1999
stop_year;R3787502;3;1999
stop_month;R3787601;4;1999
stop_year;R3787602;4;1999
stop_month;R3787701;5;1999
stop_year;R3787702;5;1999
stop_month;R3787801;6;1999
stop_year;R3787802;6;1999
stop_month;R3787901;7;1999
stop_year;R3787902;7;1999
stop_month;R3788001;8;1999
stop_year;R3788002;8;1999
stop_month;R3788101;9;1999
stop_year;R3788102;9;1999
employer_id;R3790000;1;1999
employer_id;R3790100;2;1999
employer_id;R3790200;3;1999
employer_id;R3790300;4;1999
employer_id;R3790400;5;1999
employer_id;R3790500;6;1999
employer_id;R3790600;7;1999
employer_id;R3790700;8;1999
employer_id;R3790800;9;1999
age;R3876300;;1999
hourly_pay;R3888900;1;1999
hourly_pay;R3889000;2;1999
hourly_pay;R3889100;3;1999
hourly_pay;R3889200;4;1999
hourly_pay;R3889300;5;1999
hourly_pay;R3889400;6;1999
hourly_pay;R3889500;7;1999
hourly_pay;R3889600;8;1999
hourly_pay;R3889700;9;1999
hours_worked;R3889701;1;1999
hours_worked;R3889702;2;1999
hours_worked;R3889703;3;1999
hours_worked;R3889704;4;1999
hours_worked;R3889705;5;1999
hours_worked;R3889706;6;1999
hours_worked;R3889707;7;1999
hours_worked;R3889708;8;1999
hours_worked;R3889709;9;1999
industry;R4471400;1;2000
industry;R4471500;2;2000
industry;R4471600;3;2000
industry;R4471700;4;2000
industry;R4471800;5;2000
industry;R4471900;6;2000
industry;R4472000;7;2000
industry;R4472100;8;2000
industry;R4472200;9;2000
job_satisfaction;R4771900;1;2000
job_satisfaction;R4772000;2;2000
job_satisfaction;R4772100;3;2000
job_satisfaction;R4772200;4;2000
job_satisfaction;R4772300;5;2000
job_satisfaction;R4772400;6;2000
job_satisfaction;R4772500;7;2000
job_satisfaction;R4772600;8;2000
job_satisfaction;R4772700;9;2000
start_month;R5310101;1;2000
start_year;R5310102;1;2000
start_month;R5310201;2;2000
start_year;R5310202;2;2000
start_month;R5310301;3;2000
start_year;R5310302;3;2000
start_month;R5310401;4;2000
start_year;R5310402;4;2000
start_month;R5310501;5;2000
start_year;R5310502;5;2000
start_month;R5310601;6;2000
start_year;R5310602;6;2000
start_month;R5310701;7;2000
start_year;R5310702;7;2000
start_month;R5310801;8;2000
start_year;R5310802;8;2000
start_month;R5310901;9;2000
start_year;R5310902;9;2000
stop_month;R5311001;1;2000
stop_year;R5311002;1;2000
stop_month;R5311101;2;2000
stop_year;R5311102;2;2000
stop_month;R5311201;3;2000
stop_year;R5311202;3;2000
stop_month;R5311301;4;2000
stop_year;R5311302;4;2000
stop_month;R5311401;5;2000
stop_year;R5311402;5;2000
stop_month;R5311501;6;2000
stop_year;R5311502;6;2000
stop_month;R5311601;7;2000
stop_year;R5311602;7;2000
stop_month;R5311701;8;2000
stop_year;R5311702;8;2000
stop_month;R5311801;9;2000
stop_year;R5311802;9;2000
employer_id;R5313700;1;2000
employer_id;R5313800;2;2000
employer_id;R5313900;3;2000
employer_id;R5314000;4;2000
employer_id;R5314100;5;2000
employer_id;R5314200;6;2000
employer_id;R5314300;7;2000
employer_id;R5314400;8;2000
employer_id;R5314500;9;2000
age;R5453700;;2000
hourly_pay;R5471000;1;2000
hourly_pay;R5471100;2;2000
hourly_pay;R5471200;3;2000
hourly_pay;R5471300;4;2000
hourly_pay;R5471400;5;2000
hourly_pay;R5471500;6;2000
hourly_pay;R5471600;7;2000
hourly_pay;R5471700;8;2000
hourly_pay;R5471800;9;2000
hours_worked;R5471801;1;2000
hours_worked;R5471802;2;2000
hours_worked;R5471803;3;2000
hours_worked;R5471804;4;2000
hours_worked;R5471805;5;2000
hours_worked;R5471806;6;2000
hours_worked;R5471807;7;2000
hours_worked;R5471808;8;2000
hours_worked;R5471809;9;2000
industry;R6132100;1;2001
industry;R6132200;2;2001
industry;R6132300;3;2001
industry;R6132400;4;2001
industry;R6132500;5;2001
industry;R6132600;6;2001
industry;R6132700;7;2001
job_satisfaction;R6401500;1;2001
job_satisfaction;R6401600;2;2001
job_satisfaction;R6401700;3;2001
job_satisfaction;R6401800;4;2001
job_satisfaction;R6401900;5;2001
job_satisfaction;R6402000;6;2001
job_satisfaction;R6402100;7;2001
start_month;R7051101;1;2001
start_year;R7051102;1;2001
start_month;R7051201;2;2001
start_year;R7051202;2;2001
start_month;R7051301;3;2001
start_year;R7051302;3;2001
start_month;R7051401;4;2001
start_year;R7051402;4;2001
start_month;R7051501;5;2001
start_year;R7051502;5;2001
start_month;R7051601;6;2001
start_year;R7051602;6;2001
start_month;R7051701;7;2001
start_year;R7051702;7;2001
start_month;R7051801;8;2001
start_year;R7051802;8;2001
stop_month;R7051901;1;2001
stop_year;R7051902;1;2001
stop_month;R7052001;2;2001
stop_year;R7052002;2;2001
stop_month;R7052101;3;2001
stop_year;R7052102;3;2001
stop_month;R7052201;4;2001
stop_year;R7052202;4;2001
stop_month;R7052301;5;2001
stop_year;R7052302;5;2001
stop_month;R7052401;6;2001
stop_year;R7052402;6;2001
stop_month;R7052501;7;2001
stop_year;R7052502;7;2001
stop_month;R7052601;8;2001
stop_year;R7052602;8;2001
employer_id;R7053500;1;2001
employer_id;R7053600;2;2001
employer_id;R7053700;3;2001
employer_id;R7053800;4;2001
employer_id;R7053900;5;2001
employer_id;R7054000;6;2001
employer_id;R7054100;7;2001
employer_id;R7054200;8;2001
age;R7216000;;2001
hourly_pay;R7234900;1;2001
hourly_pay;R7235000;2;2001
hourly_pay;R7235100;3;2001
hourly_pay;R7235200;4;2001
hourly_pay;R7235300;5;2001
hourly_pay;R7235400;6;2001
hourly_pay;R7235500;7;2001
hourly_pay;R7235600;8;2001
hours_worked;R7235601;1;2001
hours_worked;R7235602;2;2001
hours_worked;R7235603;3;2001
hours_worked;R7235604;4;2001
hours_worked;R7235605;5;2001
hours_worked;R7235606;6;2001
hours_worked;R7235607;7;2001
hours_worked;R7235608;8;2001
industry;S0527800;1;2002
industry;S0527900;2;2002
industry;S0528000;3;2002
industry;S0528100;4;2002
industry;S0528200;5;2002
industry;S0528300;6;2002
industry;S0528400;7;2002
industry;S0528500;8;2002
industry;S0528600;9;2002
industry;S0528700;10;2002
industry;S0528800;11;2002
job_satisfaction;S0829000;1;2002
job_satisfaction;S0829100;2;2002
job_satisfaction;S0829200;3;2002
job_satisfaction;S0829300;4;2002
job_satisfaction;S0829400;5;2002
job_satisfaction;S0829500;6;2002
job_satisfaction;S0829600;7;2002
job_satisfaction;S0829700;8;2002
job_satisfaction;S0829800;9;2002
job_satisfaction;S0829900;11;2002
start_month;S1521001;1;2002
start_year;S1521002;1;2002
start_month;S1521101;2;2002
start_year;S1521102;2;2002
start_month;S1521201;3;2002
start_year;S1521202;3;2002
start_month;S1521301;4;2002
start_year;S1521302;4;2002
start_month;S1521401;5;2002
start_year;S1521402;5;2002
start_month;S1521501;6;2002
start_year;S1521502;6;2002
start_month;S1521601;7;2002
start_year;S1521602;7;2002
start_month;S1521701;8;2002
start_year;S1521702;8;2002
start_month;S1521801;9;2002
start_year;S1521802;9;2002
start_month;S1521901;10;2002
start_year;S1521902;10;2002
start_month;S1522001;11;2002
start_year;S1522002;11;2002
stop_month;S1522101;1;2002
stop_year;S1522102;1;2002
stop_month;S1522201;2;2002
stop_year;S1522202;2;2002
stop_month;S1522301;3;2002
stop_year;S1522302;3;2002
stop_month;S1522401;4;2002
stop_year;S1522402;4;2002
stop_month;S1522501;5;2002
stop_year;S1522502;5;2002
stop_month;S1522601;6;2002
stop_year;S1522602;6;2002
stop_month;S1522701;7;2002
stop_year;S1522702;7;2002
stop_month;S1522801;8;2002
stop_year;S1522802;8;2002
stop_month;S1522901;9;2002
stop_year;S1522902;9;2002
stop_month;S1523001;10;2002
stop_year;S1523002;10;2002
stop_month;S1523101;11;2002
stop_year;S1523102;11;2002
employer_id;S1523200;1;2002
employer_id;S1523300;2;2002
employer_id;S1523400;3;2002
employer_id;S1523500;4;2002
employer_id;S1523600;5;2002
employer_id;S1523700;6;2002
employer_id;S1523800;7;2002
employer_id;S1523900;8;2002
employer_id;S1524000;9;2002
employer_id;S1524100;10;2002
employer_id;S1524200;11;2002
age;S1531400;;2002
hourly_pay;S1549400;1;2002
hourly_pay;S1549500;2;2002
hourly_pay;S1549600;3;2002
hourly_pay;S1549700;4;2002
hourly_pay;S1549800;5;2002
hourly_pay;S1549900;6;2002
hourly_pay;S1550000;7;2002
hourly_pay;S1550100;8;2002
hourly_pay;S1550200;9;2002
hourly_pay;S1550300;10;2002
hourly_pay;S1550400;11;2002
hours_worked;S1550401;1;2002
hours_worked;S1550402;2;2002
hours_worked;S1550403;3;2002
hours_worked;S1550404;4;2002
hours_worked;S1550405;5;2002
hours_worked;S1550406;6;2002
hours_worked;S1550407;7;2002
hours_worked;S1550408;8;2002
hours_worked;S1550409;9;2002
hours_worked;S1550410;10;2002
hours_worked;S1550411;11;2002
age;S2001000;;2003
hourly_pay;S2019400;1;2003
hourly_pay;S2019500;2;2003
hourly_pay;S2019600;3;2003
hourly_pay;S2019700;4;2003
hourly_pay;S2019800;5;2003
hourly_pay;S2019900;6;2003
hourly_pay;S2020000;7;2003
hourly_pay;S2020100;8;2003
hourly_pay;S2020200;9;2003
hourly_pay;S2020300;10;2003
hours_worked;S2020301;1;2003
hours_worked;S2020302;2;2003
hours_worked;S2020303;3;2003
hours_worked;S2020304;4;2003
hours_worked;S2020305;5;2003
hours_worked;S2020306;6;2003
hours_worked;S2020307;7;2003
hours_worked;S2020308;8;2003
hours_worked;S2020309;9;2003
hours_worked;S2020310;10;2003
industry;S2605700;1;2003
industry;S2605800;2;2003
industry;S2605900;3;2003
industry;S2606000;4;2003
industry;S2606100;5;2003
industry;S2606200;6;2003
industry;S2606300;7;2003
industry;S2606400;8;2003
industry;S2606500;9;2003
job_satisfaction;S2894400;1;2003
job_satisfaction;S2894500;2;2003
job_satisfaction;S2894600;3;2003
job_satisfaction;S2894700;4;2003
job_satisfaction;S2894800;5;2003
job_satisfaction;S2894900;6;2003
job_satisfaction;S2895000;7;2003
job_satisfaction;S2895100;8;2003
job_satisfaction;S2895200;9;2003
job_satisfaction;S2895300;10;2003
start_month;S3586901;1;2003
start_year;S3586902;1;2003
start_month;S3587001;2;2003
start_year;S3587002;2;2003
start_month;S3587101;3;2003
start_year;S3587102;3;2003
start_month;S3587201;4;2003
start_year;S3587202;4;2003
start_month;S3587301;5;2003
start_year;S3587302;5;2003
start_month;S3587401;6;2003
start_year;S3587402;6;2003
start_month;S3587501;7;2003
start_year;S3587502;7;2003
start_month;S3587601;8;2003
start_year;S3587602;8;2003
start_month;S3587701;9;2003
start_year;S3587702;9;2003
start_month;S3587801;10;2003
start_year;S3587802;10;2003
stop_month;S3587901;1;2003
stop_year;S3587902;1;2003
stop_month;S3588001;2;2003
stop_year;S3588002;2;2003
stop_month;S3588101;3;2003
stop_year;S3588102;3;2003
stop_month;S3588201;4;2003
stop_year;S3588202;4;2003
stop_month;S3588301;5;2003
stop_year;S3588302;5;2003
stop_month;S3588401;6;2003
stop_year;S3588402;6;2003
stop_month;S3588501;7;2003
stop_year;S3588502;7;2003
stop_month;S3588601;8;2003
stop_year;S3588602;8;2003
stop_month;S3588701;9;2003
stop_year;S3588702;9;2003
stop_month;S3588801;10;2003
stop_year;S3588802;10;2003
employer_id;S3588900;1;2003
employer_id;S3589000;2;2003
employer_id;S3589100;3;2003
employer_id;S3589200;4;2003
employer_id;S3589300;5;2003
employer_id;S3589400;6;2003
employer_id;S3589500;7;2003
employer_id;S3589600;8;2003
employer_id;S3589700;9;2003
employer_id;S3589800;10;2003
age;S3801100;;2004
hourly_pay;S3820900;1;2004
hourly_pay;S3821000;2;2004
hourly_pay;S3821100;3;2004
hourly_pay;S3821200;4;2004
hourly_pay;S3821300;5;2004
hourly_pay;S3821400;6;2004
hourly_pay;S3821500;7;2004
hours_worked;S3821501;1;2004
hours_worked;S3821502;2;2004
hours_worked;S3821503;3;2004
hours_worked;S3821504;4;2004
hours_worked;S3821505;5;2004
hours_worked;S3821506;6;2004
hours_worked;S3821507;7;2004
industry;S4340700;1;2004
industry;S4340800;2;2004
industry;S4340900;3;2004
industry;S4341000;4;2004
industry;S4341100;5;2004
industry;S4341200;6;2004
industry;S4341300;7;2004
job_satisfaction;S4602900;1;2004
job_satisfaction;S4603000;2;2004
job_satisfaction;S4603100;3;2004
job_satisfaction;S4603200;4;2004
job_satisfaction;S4603300;5;2004
job_satisfaction;S4603400;6;2004
job_satisfaction;S4603500;7;2004
stop_month;S5113901;1;2004
stop_year;S5113902;1;2004
stop_month;S5114001;2;2004
stop_year;S5114002;2;2004
stop_month;S5114101;3;2004
stop_year;S5114102;3;2004
stop_month;S5114201;4;2004
stop_year;S5114202;4;2004
stop_month;S5114301;5;2004
stop_year;S5114302;5;2004
stop_month;S5114401;6;2004
stop_year;S5114402;6;2004
stop_month;S5114501;7;2004
stop_year;S5114502;7;2004
start_month;S5128901;1;2004
start_year;S5128902;1;2004
start_month;S5129001;2;2004
start_year;S5129002;2;2004
start_month;S5129101;3;2004
start_year;S5129102;3;2004
start_month;S5129201;4;2004
start_year;S5129202;4;2004
start_month;S5129301;5;2004
start_year;S5129302;5;2004
start_month;S5129401;6;2004
start_year;S5129402;6;2004
start_month;S5129501;7;2004
start_year;S5129502;7;2004
employer_id;S5146300;1;2004
employer_id;S5146400;2;2004
employer_id;S5146500;3;2004
employer_id;S5146600;4;2004
employer_id;S5146700;5;2004
employer_id;S5146800;6;2004
employer_id;S5146900;7;2004
age;S5401000;;2005
hourly_pay;S5421000;1;2005
hourly_pay;S5421100;2;2005
hourly_pay;S5421200;3;2005
hourly_pay;S5421300;4;2005
hourly_pay;S5421400;5;2005
hourly_pay;S5421500;6;2005
hourly_pay;S5421600;7;2005
hourly_pay;S5421700;8;2005
hourly_pay;S5421800;9;2005
hours_worked;S5421801;1;2005
hours_worked;S5421802;2;2005
hours_worked;S5421803;3;2005
hours_worked;S5421804;4;2005
hours_worked;S5421805;5;2005
hours_worked;S5421806;6;2005
hours_worked;S5421807;7;2005
hours_worked;S5421808;8;2005
hours_worked;S5421809;9;2005
industry;S5931500;1;2005
industry;S5931600;2;2005
industry;S5931700;3;2005
industry;S5931800;4;2005
industry;S5931900;5;2005
industry;S5932000;6;2005
industry;S5932100;7;2005
industry;S5932200;8;2005
job_satisfaction;S6222100;1;2005
job_satisfaction;S6222200;2;2005
job_satisfaction;S6222300;3;2005
job_satisfaction;S6222400;4;2005
job_satisfaction;S6222500;5;2005
job_satisfaction;S6222600;6;2005
job_satisfaction;S6222700;7;2005
job_satisfaction;S6222800;8;2005
job_satisfaction;S6222900;9;2005
stop_month;S6862301;1;2005
stop_year;S6862302;1;2005
stop_month;S6862401;2;2005
stop_year;S6862402;2;2005
stop_month;S6862501;3;2005
stop_year;S6862502;3;2005
stop_month;S6862601;4;2005
stop_year;S6862602;4;2005
stop_month;S6862701;5;2005
stop_year;S6862702;5;2005
stop_month;S6862801;6;2005
stop_year;S6862802;6;2005
stop_month;S6862901;7;2005
stop_year;S6862902;7;2005
stop_month;S6863001;8;2005
stop_year;S6863002;8;2005
stop_month;S6863101;9;2005
stop_year;S6863102;9;2005
start_month;S6880801;1;2005
start_year;S6880802;1;2005
start_month;S6880901;2;2005
start_year;S6880902;2;2005
start_month;S6881001;3;2005
start_year;S6881002;3;2005
start_month;S6881101;4;2005
start_year;S6881102;4;2005
start_month;S6881201;5;2005
start_year;S6881202;5;2005
start_month;S6881301;6;2005
start_year;S6881302;6;2005
start_month;S6881401;7;2005
start_year;S6881402;7;2005
start_month;S6881501;8;2005
start_year;S6881502;8;2005
start_month;S6881601;9;2005
start_year;S6881602;9;2005
employer_id;S6912700;1;2005
employer_id;S6912800;2;2005
employer_id;S6912900;3;2005
employer_id;S6913000;4;2005
employer_id;S6913100;5;2005
employer_id;S6913200;6;2005
employer_id;S6913300;7;2005
employer_id;S6913400;8;2005
employer_id;S6913500;9;2005
age;S7501200;;2006
hourly_pay;S7522200;1;2006
hourly_pay;S7522300;2;2006
hourly_pay;S7522400;3;2006
hourly_pay;S7522500;4;2006
hourly_pay;S7522600;5;2006
hourly_pay;S7522700;6;2006
hourly_pay;S7522800;7;2006
hourly_pay;S7522900;8;2006
hourly_pay;S7523000;9;2006
hours_worked;S7523100;1;2006
hours_worked;S7523200;2;2006
hours_worked;S7523300;3;2006
hours_worked;S7523400;4;2006
hours_worked;S7523500;5;2006
hours_worked;S7523600;6;2006
hours_worked;S7523700;7;2006
hours_worked;S7523800;8;2006
hours_worked;S7523900;9;2006
industry;S8009500;1;2006
industry;S8009600;2;2006
industry;S8009700;3;2006
industry;S8009800;4;2006
industry;S8009900;5;2006
industry;S8010000;6;2006
industry;S8010100;7;2006
industry;S8010200;8;2006
industry;S8010300;9;2006
job_satisfaction;S8241400;1;2006
job_satisfaction;S8241500;2;2006
job_satisfaction;S8241600;3;2006
job_satisfaction;S8241700;4;2006
job_satisfaction;S8241800;5;2006
job_satisfaction;S8241900;6;2006
job_satisfaction;S8242000;7;2006
job_satisfaction;S8242100;9;2006
stop_month;S8844101;1;2006
stop_year;S8844102;1;2006
stop_month;S8844201;2;2006
stop_year;S8844202;2;2006
stop_month;S8844301;3;2006
stop_year;S8844302;3;2006
stop_month;S8844401;4;2006
stop_year;S8844402;4;2006
stop_month;S8844501;5;2006
stop_year;S8844502;5;2006
stop_month;S8844601;6;2006
stop_year;S8844602;6;2006
stop_month;S8844701;7;2006
stop_year;S8844702;7;2006
stop_month;S8844801;8;2006
stop_year;S8844802;8;2006
stop_month;S8844901;9;2006
stop_year;S8844902;9;2006
start_month;S8862201;1;2006
start_year;S8862202;1;2006
start_month;S8862301;2;2006
start_year;S8862302;2;2006
start_month;S8862401;3;2006
start_year;S8862402;3;2006
start_month;S8862501;4;2006
start_year;S8862502;4;2006
start_month;S8862601;5;2006
start_year;S8862602;5;2006
start_month;S8862701;6;2006
start_year;S8862702;6;2006
start_month;S8862801;7;2006
start_year;S8862802;7;2006
start_month;S8862901;8;2006
start_year;S8862902;8;2006
start_month;S8863001;9;2006
start_year;S8863002;9;2006
employer_id;S8890800;1;2006
employer_id;S8890900;2;2006
employer_id;S8891000;3;2006
employer_id;S8891100;4;2006
employer_id;S8891200;5;2006
employer_id;S8891300;6;2006
employer_id;S8891400;7;2006
employer_id;S8891500;8;2006
employer_id;S8891600;9;2006
age;T0008500;;2007
hourly_pay;T0022800;1;2007
hourly_pay;T0022900;2;2007
hourly_pay;T0023000;3;2007
hourly_pay;T0023100;4;2007
hourly_pay;T0023200;5;2007
hourly_pay;T0023300;6;2007
hourly_pay;T0023400;7;2007
hourly_pay;T0023500;8;2007
hours_worked;T0023600;1;2007
hours_worked;T0023700;2;2007
hours_worked;T0023800;3;2007
hours_worked;T0023900;4;2007
hours_worked;T0024000;5;2007
hours_worked;T0024100;6;2007
hours_worked;T0024200;7;2007
hours_worked;T0024300;8;2007
industry;T0411500;1;2007
industry;T0411600;2;2007
industry;T0411700;3;2007
industry;T0411800;4;2007
industry;T0411900;5;2007
industry;T0412000;6;2007
industry;T0412100;7;2007
industry;T0412200;8;2007
job_satisfaction;T0653200;1;2007
job_satisfaction;T0653300;2;2007
job_satisfaction;T0653400;3;2007
job_satisfaction;T0653500;4;2007
job_satisfaction;T0653600;5;2007
job_satisfaction;T0653700;6;2007
job_satisfaction;T0653800;7;2007
job_satisfaction;T0653900;8;2007
stop_month;T1259501;1;2007
stop_year;T1259502;1;2007
stop_month;T1259601;2;2007
stop_year;T1259602;2;2007
stop_month;T1259701;3;2007
stop_year;T1259702;3;2007
stop_month;T1259801;4;2007
stop_year;T1259802;4;2007
stop_month;T1259901;5;2007
stop_year;T1259902;5;2007
stop_month;T1260001;6;2007
stop_year;T1260002;6;2007
stop_month;T1260101;7;2007
stop_year;T1260102;7;2007
stop_month;T1260201;8;2007
stop_year;T1260202;8;2007
start_month;T1277401;1;2007
start_year;T1277402;1;2007
start_month;T1277501;2;2007
start_year;T1277502;2;2007
start_month;T1277601;3;2007
start_year;T1277602;3;2007
start_month;T1277701;4;2007
start_year;T1277702;4;2007
start_month;T1277801;5;2007
start_year;T1277802;5;2007
start_month;T1277901;6;2007
start_year;T1277902;6;2007
start_month;T1278001;7;2007
start_year;T1278002;7;2007
start_month;T1278101;8;2007
start_year;T1278102;8;2007
employer_id;T1305300;1;2007
employer_id;T1305400;2;2007
employer_id;T1305500;3;2007
employer_id;T1305600;4;2007
employer_id;T1305700;5;2007
employer_id;T1305800;6;2007
employer_id;T1305900;7;2007
employer_id;T1306000;8;2007
age;T2011100;;2008
hourly_pay;T2017700;1;2008
hourly_pay;T2017800;2;2008
hourly_pay;T2017900;3;2008
hourly_pay;T2018000;4;2008
hourly_pay;T2018100;5;2008
hourly_pay;T2018200;6;2008
hourly_pay;T2018300;7;2008
hourly_pay;T2018400;8;2008
hours_worked;T2018500;1;2008
hours_worked;T2018600;2;2008
hours_worked;T2018700;3;2008
hours_worked;T2018800;4;2008
hours_worked;T2018900;5;2008
hours_worked;T2019000;6;2008
hours_worked;T2019100;7;2008
hours_worked;T2019200;8;2008
industry;T2440600;1;2008
industry;T2440700;2;2008
industry;T2440800;3;2008
industry;T2440900;4;2008
industry;T2441000;5;2008
industry;T2441100;6;2008
industry;T2441200;7;2008
industry;T2441300;8;2008
job_satisfaction;T2692700;1;2008
job_satisfaction;T2692800;2;2008
job_satisfaction;T2692900;3;2008
job_satisfaction;T2693000;4;2008
job_satisfaction;T2693100;5;2008
job_satisfaction;T2693200;6;2008
job_satisfaction;T2693300;7;2008
job_satisfaction;T2693400;8;2008
stop_month;T3346101;1;2008
stop_year;T3346102;1;2008
stop_month;T3346201;2;2008
stop_year;T3346202;2;2008
stop_month;T3346301;3;2008
stop_year;T3346302;3;2008
stop_month;T3346401;4;2008
stop_year;T3346402;4;2008
stop_month;T3346501;5;2008
stop_year;T3346502;5;2008
stop_month;T3346601;6;2008
stop_year;T3346602;6;2008
stop_month;T3346701;7;2008
stop_year;T3346702;7;2008
stop_month;T3346801;8;2008
stop_year;T3346802;8;2008
start_month;T3364901;1;2008
start_year;T3364902;1;2008
start_month;T3365001;2;2008
start_year;T3365002;2;2008
start_month;T3365101;3;2008
start_year;T3365102;3;2008
start_month;T3365201;4;2008
start_year;T3365202;4;2008
start_month;T3365301;5;2008
start_year;T3365302;5;2008
start_month;T3365401;6;2008
start_year;T3365402;6;2008
start_month;T3365501;7;2008
start_year;T3365502;7;2008
start_month;T3365601;8;2008
start_year;T3365602;8;2008
employer_id;T3394500;1;2008
employer_id;T3394600;2;2008
employer_id;T3394700;3;2008
employer_id;T3394800;4;2008
employer_id;T3394900;5;2008
employer_id;T3395000;6;2008
employer_id;T3395100;7;2008
employer_id;T3395200;8;2008
age;T3601500;;2009
hourly_pay;T3608100;1;2009
hourly_pay;T3608200;2;2009
hourly_pay;T3608300;3;2009
hourly_pay;T3608400;4;2009
hourly_pay;T3608500;5;2009
hourly_pay;T3608600;6;2009
hourly_pay;T3608700;7;2009
hourly_pay;T3608800;8;2009
hourly_pay;T3608900;9;2009
hours_worked;T3609000;1;2009
hours_worked;T3609100;2;2009
hours_worked;T3609200;3;2009
hours_worked;T3609300;4;2009
hours_worked;T3609400;5;2009
hours_worked;T3609500;6;2009
hours_worked;T3609600;7;2009
hours_worked;T3609700;8;2009
hours_worked;T3609800;9;2009
industry;T3945500;1;2009
industry;T3945600;2;2009
industry;T3945700;3;2009
industry;T3945800;4;2009
industry;T3945900;5;2009
industry;T3946000;6;2009
industry;T3946100;7;2009
industry;T3946200;8;2009
job_satisfaction;T4178700;1;2009
job_satisfaction;T4178800;2;2009
job_satisfaction;T4178900;3;2009
job_satisfaction;T4179000;4;2009
job_satisfaction;T4179100;5;2009
job_satisfaction;T4179200;6;2009
job_satisfaction;T4179300;7;2009
job_satisfaction;T4179400;8;2009
job_satisfaction;T4179500;9;2009
stop_month;T4764501;1;2009
stop_year;T4764502;1;2009
stop_month;T4764601;2;2009
stop_year;T4764602;2;2009
stop_month;T4764701;3;2009
stop_year;T4764702;3;2009
stop_month;T4764801;4;2009
stop_year;T4764802;4;2009
stop_month;T4764901;5;2009
stop_year;T4764902;5;2009
stop_month;T4765001;6;2009
stop_year;T4765002;6;2009
stop_month;T4765101;7;2009
stop_year;T4765102;7;2009
stop_month;T4765201;8;2009
stop_year;T4765202;8;2009
stop_month;T4765301;9;2009
stop_year;T4765302;9;2009
start_month;T4782201;1;2009
start_year;T4782202;1;2009
start_month;T4782301;2;2009
start_year;T4782302;2;2009
start_month;T4782401;3;2009
start_year;T4782402;3;2009
start_month;T4782501;4;2009
start_year;T4782502;4;2009
start_month;T4782601;5;2009
start_year;T4782602;5;2009
start_month;T4782701;6;2009
start_year;T4782702;6;2009
start_month;T4782801;7;2009
start_year;T4782802;7;2009
start_month;T4782901;8;2009
start_year;T4782902;8;2009
start_month;T4783001;9;2009
start_year;T4783002;9;2009
employer_id;T4814600;1;2009
employer_id;T4814700;2;2009
employer_id;T4814800;3;2009
employer_id;T4814900;4;2009
employer_id;T4815000;5;2009
employer_id;T4815100;6;2009
employer_id;T4815200;7;2009
employer_id;T4815300;8;2009
employer_id;T4815400;9;2009
age;T5201400;;2010
hourly_pay;T5208500;1;2010
hourly_pay;T5208600;2;2010
hourly_pay;T5208700;3;2010
hourly_pay;T5208800;4;2010
hourly_pay;T5208900;5;2010
hourly_pay;T5209000;6;2010
hourly_pay;T5209100;7;2010
hourly_pay;T5209200;8;2010
hourly_pay;T5209300;9;2010
hours_worked;T5209400;1;2010
hours_worked;T5209500;2;2010
hours_worked;T5209600;3;2010
hours_worked;T5209700;4;2010
hours_worked;T5209800;5;2010
hours_worked;T5209900;6;2010
hours_worked;T5210000;7;2010
hours_worked;T5210100;8;2010
hours_worked;T5210200;9;2010
industry;T5583900;1;2010
industry;T5584000;2;2010
industry;T5584100;3;2010
industry;T5584200;4;2010
industry;T5584300;5;2010
industry;T5584400;6;2010
industry;T5584500;7;2010
industry;T5584600;8;2010
job_satisfaction;T5808400;1;2010
job_satisfaction;T5808500;2;2010
job_satisfaction;T5808600;3;2010
job_satisfaction;T5808700;4;2010
job_satisfaction;T5808800;5;2010
job_satisfaction;T5808900;6;2010
job_satisfaction;T5809000;7;2010
job_satisfaction;T5809100;8;2010
job_satisfaction;T5809200;9;2010
stop_month;T6405901;1;2010
stop_year;T6405902;1;2010
stop_month;T6406001;2;2010
stop_year;T6406002;2;2010
stop_month;T6406101;3;2010
stop_year;T6406102;3;2010
stop_month;T6406201;4;2010
stop_year;T6406202;4;2010
stop_month;T6406301;5;2010
stop_year;T6406302;5;2010
stop_month;T6406401;6;2010
stop_year;T6406402;6;2010
stop_month;T6406501;7;2010
stop_year;T6406502;7;2010
stop_month;T6406601;8;2010
stop_year;T6406602;8;2010
stop_month;T6406701;9;2010
stop_year;T6406702;9;2010
start_month;T6424701;1;2010
start_year;T6424702;1;2010
start_month;T6424801;2;2010
start_year;T6424802;2;2010
start_month;T6424901;3;2010
start_year;T6424902;3;2010
start_month;T6425001;4;2010
start_year;T6425002;4;2010
start_month;T6425101;5;2010
start_year;T6425102;5;2010
start_month;T6425201;6;2010
start_year;T6425202;6;2010
start_month;T6425301;7;2010
start_year;T6425302;7;2010
start_month;T6425401;8;2010
start_year;T6425402;8;2010
start_month;T6425501;9;2010
start_year;T6425502;9;2010
employer_id;T6460000;1;2010
employer_id;T6460100;2;2010
employer_id;T6460200;3;2010
employer_id;T6460300;4;2010
employer_id;T6460400;5;2010
employer_id;T6460500;6;2010
employer_id;T6460600;7;2010
employer_id;T6460700;8;2010
employer_id;T6460800;9;2010
age;T6651300;;2011
hourly_pay;T6658700;1;2011
hourly_pay;T6658800;2;2011
hourly_pay;T6658900;3;2011
hourly_pay;T6659000;4;2011
hourly_pay;T6659100;5;2011
hourly_pay;T6659200;6;2011
hourly_pay;T6659300;7;2011
hourly_pay;T6659400;8;2011
hourly_pay;T6659500;9;2011
hourly_pay;T6659600;10;2011
hourly_pay;T6659700;11;2011
hourly_pay;T6659800;12;2011
hourly_pay;T6659900;13;2011
hours_worked;T6660000;1;2011
hours_worked;T6660100;2;2011
hours_worked;T6660200;3;2011
hours_worked;T6660300;4;2011
hours_worked;T6660400;5;2011
hours_worked;T6660500;6;2011
hours_worked;T6660600;7;2011
hours_worked;T6660700;8;2011
hours_worked;T6660800;9;2011
hours_worked;T6660900;10;2011
hours_worked;T6661000;11;2011
hours_worked;T6661100;12;2011
hours_worked;T6661200;13;2011
industry;T6983800;1;2011
industry;T6983900;2;2011
industry;T6984000;3;2011
industry;T6984100;4;2011
industry;T6984200;5;2011
industry;T6984300;6;2011
industry;T6984400;7;2011
industry;T6984500;8;2011
industry;T6984600;9;2011
industry;T6984700;10;2011
industry;T6984800;11;2011
industry;T6984900;12;2011
job_satisfaction;T7242300;1;2011
job_satisfaction;T7242400;2;2011
job_satisfaction;T7242500;3;2011
job_satisfaction;T7242600;4;2011
job_satisfaction;T7242700;5;2011
job_satisfaction;T7242800;6;2011
job_satisfaction;T7242900;7;2011
job_satisfaction;T7243000;8;2011
job_satisfaction;T7243100;9;2011
job_satisfaction;T7243200;10;2011
job_satisfaction;T7243300;11;2011
job_satisfaction;T7243400;12;2011
job_satisfaction;T7243500;13;2011
stop_month;T7906601;1;2011
stop_year;T7906602;1;2011
stop_month;T7906701;2;2011
stop_year;T7906702;2;2011
stop_month;T7906801;3;2011
stop_year;T7906802;3;2011
stop_month;T7906901;4;2011
stop_year;T7906902;4;2011
stop_month;T7907001;5;2011
stop_year;T7907002;5;2011
stop_month;T7907101;6;2011
stop_year;T7907102;6;2011
stop_month;T7907201;7;2011
stop_year;T7907202;7;2011
stop_month;T7907301;8;2011
stop_year;T7907302;8;2011
stop_month;T7907401;9;2011
stop_year;T7907402;9;2011
stop_month;T7907501;10;2011
stop_year;T7907502;10;2011
stop_month;T7907601;11;2011
stop_year;T7907602;11;2011
stop_month;T7907701;12;2011
stop_year;T7907702;12;2011
stop_month;T7907801;13;2011
stop_year;T7907802;13;2011
start_month;T7925601;1;2011
start_year;T7925602;1;2011
start_month;T7925701;2;2011
start_year;T7925702;2;2011
start_month;T7925801;3;2011
start_year;T7925802;3;2011
start_month;T7925901;4;2011
start_year;T7925902;4;2011
start_month;T7926001;5;2011
start_year;T7926002;5;2011
start_month;T7926101;6;2011
start_year;T7926102;6;2011
start_month;T7926201;7;2011
start_year;T7926202;7;2011
start_month;T7926301;8;2011
start_year;T7926302;8;2011
start_month;T7926401;9;2011
start_year;T7926402;9;2011
start_month;T7926501;10;2011
start_year;T7926502;10;2011
start_month;T7926601;11;2011
start_year;T7926602;11;2011
start_month;T7926701;12;2011
start_year;T7926702;12;2011
start_month;T7926801;13;2011
start_year;T7926802;13;2011
employer_id;T7961200;1;2011
employer_id;T7961300;2;2011
employer_id;T7961400;3;2011
employer_id;T7961500;4;2011
employer_id;T7961600;5;2011
employer_id;T7961700;6;2011
employer_id;T7961800;7;2011
employer_id;T7961900;8;2011
employer_id;T7962000;9;2011
employer_id;T7962100;10;2011
employer_id;T7962200;11;2011
employer_id;T7962300;12;2011
employer_id;T7962400;13;2011
age;T8123600;;2013
hourly_pay;T8130800;1;2013
hourly_pay;T8130900;2;2013
hourly_pay;T8131000;3;2013
hourly_pay;T8131100;4;2013
hourly_pay;T8131200;5;2013
hourly_pay;T8131300;6;2013
hourly_pay;T8131400;7;2013
hourly_pay;T8131500;8;2013
hourly_pay;T8131600;9;2013
hourly_pay;T8131700;10;2013
hours_worked;T8131800;1;2013
hours_worked;T8131900;2;2013
hours_worked;T8132000;3;2013
hours_worked;T8132100;4;2013
hours_worked;T8132200;5;2013
hours_worked;T8132300;6;2013
hours_worked;T8132400;7;2013
hours_worked;T8132500;8;2013
hours_worked;T8132600;9;2013
hours_worked;T8132700;10;2013
industry;T8467200;1;2013
industry;T8467300;2;2013
industry;T8467400;3;2013
industry;T8467500;4;2013
industry;T8467600;5;2013
industry;T8467700;6;2013
industry;T8467800;7;2013
industry;T8467900;8;2013
industry;T8468000;9;2013
industry;T8468100;10;2013
job_satisfaction;T8735000;1;2013
job_satisfaction;T8735100;2;2013
job_satisfaction;T8735200;3;2013
job_satisfaction;T8735300;4;2013
job_satisfaction;T8735400;5;2013
job_satisfaction;T8735500;6;2013
job_satisfaction;T8735600;7;2013
job_satisfaction;T8735700;8;2013
job_satisfaction;T8735800;9;2013
stop_month;T9329001;1;2013
stop_year;T9329002;1;2013
stop_month;T9329101;2;2013
stop_year;T9329102;2;2013
stop_month;T9329201;3;2013
stop_year;T9329202;3;2013
stop_month;T9329301;4;2013
stop_year;T9329302;4;2013
stop_month;T9329401;5;2013
stop_year;T9329402;5;2013
stop_month;T9329501;6;2013
stop_year;T9329502;6;2013
stop_month;T9329601;7;2013
stop_year;T9329602;7;2013
stop_month;T9329701;8;2013
stop_year;T9329702;8;2013
stop_month;T9329801;9;2013
stop_year;T9329802;9;2013
stop_month;T9329901;10;2013
stop_year;T9329902;10;2013
start_month;T9330001;1;2013
start_year;T9330002;1;2013
start_month;T9330101;2;2013
start_year;T9330102;2;2013
start_month;T9330201;3;2013
start_year;T9330202;3;2013
start_month;T9330301;4;2013
start_year;T9330302;4;2013
start_month;T9330401;5;2013
start_year;T9330402;5;2013
start_month;T9330501;6;2013
start_year;T9330502;6;2013
start_month;T9330601;7;2013
start_year;T9330602;7;2013
start_month;T9330701;8;2013
start_year;T9330702;8;2013
start_month;T9330801;9;2013
start_year;T9330802;9;2013
start_month;T9330901;10;2013
start_year;T9330902;10;2013
employer_id;T9331000;1;2013
employer_id;T9331100;2;2013
employer_id;T9331200;3;2013
employer_id;T9331300;4;2013
employer_id;T9331400;5;2013
employer_id;T9331500;6;2013
employer_id;T9331600;7;2013
employer_id;T9331700;8;2013
employer_id;T9331800;9;2013
employer_id;T9331900;10;2013
age;U0001800;;2015
hourly_pay;U0010700;1;2015
hourly_pay;U0010800;2;2015
hourly_pay;U0010900;3;2015
hourly_pay;U0011000;4;2015
hourly_pay;U0011100;5;2015
hourly_pay;U0011200;6;2015
hourly_pay;U0011300;7;2015
hourly_pay;U0011400;8;2015
hourly_pay;U0011500;9;2015
hourly_pay;U0011600;10;2015
hourly_pay;U0011700;11;2015
hourly_pay;U0011800;12;2015
hours_worked;U0011900;1;2015
hours_worked;U0012000;2;2015
hours_worked;U0012100;3;2015
hours_worked;U0012200;4;2015
hours_worked;U0012300;5;2015
hours_worked;U0012400;6;2015
hours_worked;U0012500;7;2015
hours_worked;U0012600;8;2015
hours_worked;U0012700;9;2015
hours_worked;U0012800;10;2015
hours_worked;U0012900;11;2015
hours_worked;U0013000;12;2015
industry;U0351800;1;2015
industry;U0351900;2;2015
industry;U0352000;3;2015
industry;U0352100;4;2015
industry;U0352200;5;2015
industry;U0352300;6;2015
industry;U0352400;7;2015
industry;U0352500;8;2015
industry;U0352600;9;2015
industry;U0352700;10;2015
industry;U0352800;11;2015
industry;U0352900;12;2015
job_satisfaction;U0654900;1;2015
job_satisfaction;U0655000;2;2015
job_satisfaction;U0655100;3;2015
job_satisfaction;U0655200;4;2015
job_satisfaction;U0655300;5;2015
job_satisfaction;U0655400;6;2015
job_satisfaction;U0655500;7;2015
job_satisfaction;U0655600;8;2015
job_satisfaction;U0655700;9;2015
job_satisfaction;U0655800;10;2015
job_satisfaction;U0655900;11;2015
stop_month;U1342301;1;2015
stop_year;U1342302;1;2015
stop_month;U1342401;2;2015
stop_year;U1342402;2;2015
stop_month;U1342501;3;2015
stop_year;U1342502;3;2015
stop_month;U1342601;4;2015
stop_year;U1342602;4;2015
stop_month;U1342701;5;2015
stop_year;U1342702;5;2015
stop_month;U1342801;6;2015
stop_year;U1342802;6;2015
stop_month;U1342901;7;2015
stop_year;U1342902;7;2015
stop_month;U1343001;8;2015
stop_year;U1343002;8;2015
stop_month;U1343101;9;2015
stop_year;U1343102;9;2015
stop_month;U1343201;10;2015
stop_year;U1343202;10;2015
stop_month;U1343301;11;2015
stop_year;U1343302;11;2015
stop_month;U1343401;12;2015
stop_year;U1343402;12;2015
start_month;U1343501;1;2015
start_year;U1343502;1;2015
start_month;U1343601;2;2015
start_year;U1343602;2;2015
start_month;U1343701;3;2015
start_year;U1343702;3;2015
start_month;U1343801;4;2015
start_year;U1343802;4;2015
start_month;U1343901;5;2015
start_year;U1343902;5;2015
start_month;U1344001;6;2015
start_year;U1344002;6;2015
start_month;U1344101;7;2015
start_year;U1344102;7;2015
start_month;U1344201;8;2015
start_year;U1344202;8;2015
start_month;U1344301;9;2015
start_year;U1344302;9;2015
start_month;U1344401;10;2015
start_year;U1344402;10;2015
start_month;U1344501;11;2015
start_year;U1344502;11;2015
start_month;U1344601;12;2015
start_year;U1344602;12;2015
employer_id;U1344700;1;2015
employer_id;U1344800;2;2015
employer_id;U1344900;3;2015
employer_id;U1345000;4;2015
employer_id;U1345100;5;2015
employer_id;U1345200;6;2015
employer_id;U1345300;7;2015
employer_id;U1345400;8;2015
employer_id;U1345500;9;2015
employer_id;U1345600;10;2015
employer_id;U1345700;11;2015
employer_id;U1345800;12;2015
age;U1838500;;2017
hourly_pay;U1847600;1;2017
hourly_pay;U1847700;2;2017
hourly_pay;U1847800;3;2017
hourly_pay;U1847900;4;2017
hourly_pay;U1848000;5;2017
hourly_pay;U1848100;6;2017
hourly_pay;U1848200;7;2017
hourly_pay;U1848300;8;2017
hourly_pay;U1848400;9;2017
hourly_pay;U1848500;10;2017
hourly_pay;U1848600;11;2017
hourly_pay;U1848700;12;2017
hourly_pay;U1848800;13;2017
hourly_pay;U1848900;14;2017
hourly_pay;U1849000;15;2017
hours_worked;U1849100;1;2017
hours_worked;U1849200;2;2017
hours_worked;U1849300;3;2017
hours_worked;U1849400;4;2017
hours_worked;U1849500;5;2017
hours_worked;U1849600;6;2017
hours_worked;U1849700;7;2017
hours_worked;U1849800;8;2017
hours_worked;U1849900;9;2017
hours_worked;U1850000;10;2017
hours_worked;U1850100;11;2017
hours_worked;U1850200;12;2017
hours_worked;U1850300;13;2017
hours_worked;U1850400;14;2017
hours_worked;U1850500;15;2017
industry;U2274300;1;2017
industry;U2274400;2;2017
industry;U2274500;3;2017
industry;U2274600;4;2017
industry;U2274700;5;2017
industry;U2274800;6;2017
industry;U2274900;7;2017
industry;U2275000;8;2017
industry;U2275100;9;2017
industry;U2275200;10;2017
industry;U2275300;11;2017
industry;U2275400;12;2017
industry;U2275500;13;2017
industry;U2275600;14;2017
job_satisfaction;U2593500;1;2017
job_satisfaction;U2593600;2;2017
job_satisfaction;U2593700;3;2017
job_satisfaction;U2593800;4;2017
job_satisfaction;U2593900;5;2017
job_satisfaction;U2594000;6;2017
job_satisfaction;U2594100;7;2017
job_satisfaction;U2594200;8;2017
job_satisfaction;U2594300;9;2017
job_satisfaction;U2594400;10;2017
job_satisfaction;U2594500;12;2017
job_satisfaction;U2594600;13;2017
job_satisfaction;U2594700;14;2017
job_satisfaction;U2594800;15;2017
stop_month;U3082201;1;2017
stop_year;U3082202;1;2017
stop_month;U3082301;2;2017
stop_year;U3082302;2;2017
stop_month;U3082401;3;2017
stop_year;U3082402;3;2017
stop_month;U3082501;4;2017
stop_year;U3082502;4;2017
stop_month;U3082601;5;2017
stop_year;U3082602;5;2017
stop_month;U3082701;6;2017
stop_year;U3082702;6;2017
stop_month;U3082801;7;2017
stop_year;U3082802;7;2017
stop_month;U3082901;8;2017
stop_year;U3082902;8;2017
stop_month;U3083001;9;2017
stop_year;U3083002;9;2017
stop_month;U3083101;10;2017
stop_year;U3083102;10;2017
stop_month;U3083201;11;2017
stop_year;U3083202;11;2017
stop_month;U3083301;12;2017
stop_year;U3083302;12;2017
stop_month;U3083401;13;2017
stop_year;U3083402;13;2017
stop_month;U3083501;14;2017
stop_year;U3083502;14;2017
stop_month;U3083601;15;2017
stop_year;U3083602;15;2017
start_month;U3083701;1;2017
start_year;U3083702;1;2017
start_month;U3083801;2;2017
start_year;U3083802;2;2017
start_month;U3083901;3;2017
start_year;U3083902;3;2017
start_month;U3084001;4;2017
start_year;U3084002;4;2017
start_month;U3084101;5;2017
start_year;U3084102;5;2017
start_month;U3084201;6;2017
start_year;U3084202;6;2017
start_month;U3084301;7;2017
start_year;U3084302;7;2017
start_month;U3084401;8;2017
start_year;U3084402;8;2017
start_month;U3084501;9;2017
start_year;U3084502;9;2017
start_month;U3084601;10;2017
start_year;U3084602;10;2017
start_month;U3084701;11;2017
start_year;U3084702;11;2017
start_month;U3084801;12;2017
start_year;U3084802;12;2017
start_month;U3084901;13;2017
start_year;U3084902;13;2017
start_month;U3085001;14;2017
start_year;U3085002;14;2017
start_month;U3085101;15;2017
start_year;U3085102;15;2017
employer_id;U3085200;1;2017
employer_id;U3085300;2;2017
employer_id;U3085400;3;2017
employer_id;U3085500;4;2017
employer_id;U3085600;5;2017
employer_id;U3085700;6;2017
employer_id;U3085800;7;2017
employer_id;U3085900;8;2017
employer_id;U3086000;9;2017
employer_id;U3086100;10;2017
employer_id;U3086200;11;2017
employer_id;U3086300;12;2017
employer_id;U3086400;13;2017
employer_id;U3086500;14;2017
employer_id;U3086600;15;2017