Code,Name,Description,Question,Year
R0216500,AGE_1979,AGE OF R AT INTERVIEW DATE,AGEATINT,1979
R0406510,AGE_1980,AGE OF R AT INTERVIEW DATE,AGEATINT,1980
R0619010,AGE_1981,AGE OF R AT INTERVIEW DATE,AGEATINT,1981
R0898310,AGE_1982,AGE OF R AT INTERVIEW DATE,AGEATINT,1982
R1145110,AGE_1983,AGE OF R AT INTERVIEW DATE,AGEATINT,1983
R1520310,AGE_1984,AGE OF R AT INTERVIEW DATE,AGEATINT,1984
R1891010,AGE_1985,AGE OF R AT INTERVIEW DATE,AGEATINT,1985
R2258110,AGE_1986,AGE OF R AT INTERVIEW DATE,AGEATINT,1986
R2445510,AGE_1987,AGE OF R AT INTERVIEW DATE,AGEATINT,1987
R2871300,AGE_1988,AGE OF R AT INTERVIEW DATE,AGEATINT,1988
R3075000,AGE_1989,AGE OF R AT INTERVIEW DATE,AGEATINT,1989
R3401700,AGE_1990,AGE OF R AT INTERVIEW DATE,AGEATINT,1990
R3657100,AGE_1991,AGE OF R AT INTERVIEW DATE,AGEATINT,1991
R4007600,AGE_1992,AGE OF R AT INTERVIEW DATE,AGEATINT,1992
R4418700,AGE_1993,AGE OF R AT INTERVIEW DATE,AGEATINT,1993
R5081700,AGE_1994,AGE OF R AT INTERVIEW DATE,AGEATINT,1994
R5167000,AGE_1996,AGE OF R AT INTERVIEW DATE,AGEATINT,1996
R6479800,AGE_1998,AGE OF R AT INTERVIEW DATE,AGEATINT,1998
R7007500,AGE_2000,AGE OF R AT INTERVIEW DATE,AGEATINT,2000
R7704800,AGE_2002,AGE OF R AT INTERVIEW DATE,AGEATINT,2002
R8497200,AGE_2004,AGE OF R AT INTERVIEW DATE,AGEATINT,2004
T0989000,AGE_2006,AGE OF R AT INTERVIEW DATE,AGEATINT,2006
T2210800,AGE_2008,AGE OF R AT INTERVIEW DATE,AGEATINT,2008
T3108700,AGE_2010,AGE OF R AT INTERVIEW DATE,AGEATINT,2010
T4113200,AGE_2012,AGE OF R AT INTERVIEW DATE,AGEATINT,2012
T5023600,AGE_2014,AGE AT INTERVIEW,AGEATINT,2014
T5771500,AGE_2016,AGE AT INTERVIEW,AGEATINT,2016
R0000100,CASEID,IDENTIFICATION CODE,CASEID,
R0068000,CURRENTLY_WORKING.01_1979,CURRENTLY WORKING AT JOB? JOB #01,QES-23.01,1979
R0333100,CURRENTLY_WORKING.01_1980,CURRENTLY WORKING AT JOB? JOB #01,QES-23.01,1980
R0539100,CURRENTLY_WORKING.01_1981,CURRENTLY WORKING AT JOB? JOB #01,QES-23.01,1981
R0833500,CURRENTLY_WORKING.01_1982,CURRENTLY WORKING AT JOB? JOB #01,QES-23.01,1982
R1080700,CURRENTLY_WORKING.01_1983,CURRENTLY WORKING AT JOB? JOB #01,QES-23.01,1983
R1456400,CURRENTLY_WORKING.01_1984,CURRENTLY WORKING AT JOB? JOB #01,QES-23.01,1984
R1803200,CURRENTLY_WORKING.01_1985,CURRENTLY WORKING AT JOB? JOB #01,QES-23.01,1985
R2164800,CURRENTLY_WORKING.01_1986,CURRENTLY WORKING AT JOB? JOB #01,QES-23.01,1986
R2372200,CURRENTLY_WORKING.01_1987,CURRENTLY WORKING AT JOB? JOB #01,QES-23.01,1987
R2763100,CURRENTLY_WORKING.01_1988,CURRENTLY WORKING AT JOB? JOB #01,QES-23.01,1988
R3004900,CURRENTLY_WORKING.01_1989,CURRENTLY WORKING AT JOB? JOB #01,QES-23.01,1989
R3332300,CURRENTLY_WORKING.01_1990,CURRENTLY WORKING AT JOB? JOB #01,QES-23.01,1990
R3597300,CURRENTLY_WORKING.01_1991,CURRENTLY WORKING AT JOB? JOB #01,QES-23.01,1991
R3947400,CURRENTLY_WORKING.01_1992,CURRENTLY WORKING AT JOB? JOB #01,QES-23.01,1992
R4187900,CURRENTLY_WORKING.01_1993,CURRENTLY WORKING AT JOB? JOB #01,QES-23.01,1993
R4576100,CURRENTLY_WORKING.01_1994,CURRENTLY WORKING AT JOB? JOB #01,QES-23.01,1994
R5260300,CURRENTLY_WORKING.01_1996,CURRENTLY WORKING AT JOB? JOB #01,QES-23.01,1996
R0068100,CURRENTLY_WORKING.02_1979,CURRENTLY WORKING AT JOB? JOB #02,QES-23.02,1979
R0344600,CURRENTLY_WORKING.02_1980,CURRENTLY WORKING AT JOB? JOB #02,QES-23.02,1980
R0552200,CURRENTLY_WORKING.02_1981,CURRENTLY WORKING AT JOB? JOB #02,QES-23.02,1981
R0846600,CURRENTLY_WORKING.02_1982,CURRENTLY WORKING AT JOB? JOB #02,QES-23.02,1982
R1093900,CURRENTLY_WORKING.02_1983,CURRENTLY WORKING AT JOB? JOB #02,QES-23.02,1983
R1469500,CURRENTLY_WORKING.02_1984,CURRENTLY WORKING AT JOB? JOB #02,QES-23.02,1984
R1815900,CURRENTLY_WORKING.02_1985,CURRENTLY WORKING AT JOB? JOB #02,QES-23.02,1985
R2178400,CURRENTLY_WORKING.02_1986,CURRENTLY WORKING AT JOB? JOB #02,QES-23.02,1986
R2383500,CURRENTLY_WORKING.02_1987,CURRENTLY WORKING AT JOB? JOB #02,QES-23.02,1987
R2776000,CURRENTLY_WORKING.02_1988,CURRENTLY WORKING AT JOB? JOB #02,QES-23.02,1988
R3018000,CURRENTLY_WORKING.02_1989,CURRENTLY WORKING AT JOB? JOB #02,QES-23.02,1989
R3346300,CURRENTLY_WORKING.02_1990,CURRENTLY WORKING AT JOB? JOB #02,QES-23.02,1990
R3609400,CURRENTLY_WORKING.02_1991,CURRENTLY WORKING AT JOB? JOB #02,QES-23.02,1991
R3959600,CURRENTLY_WORKING.02_1992,CURRENTLY WORKING AT JOB? JOB #02,QES-23.02,1992
R4200800,CURRENTLY_WORKING.02_1993,CURRENTLY WORKING AT JOB? JOB #02,QES-23.02,1993
R4621500,CURRENTLY_WORKING.02_1994,CURRENTLY WORKING AT JOB? JOB #02,QES-23.02,1994
R5301200,CURRENTLY_WORKING.02_1996,CURRENTLY WORKING AT JOB? JOB #02,QES-23.02,1996
R0068200,CURRENTLY_WORKING.03_1979,CURRENTLY WORKING AT JOB? JOB #03,QES-23.03,1979
R0356100,CURRENTLY_WORKING.03_1980,CURRENTLY WORKING AT JOB? JOB #03,QES-23.03,1980
R0565300,CURRENTLY_WORKING.03_1981,CURRENTLY WORKING AT JOB? JOB #03,QES-23.03,1981
R0859700,CURRENTLY_WORKING.03_1982,CURRENTLY WORKING AT JOB? JOB #03,QES-23.03,1982
R1107100,CURRENTLY_WORKING.03_1983,CURRENTLY WORKING AT JOB? JOB #03,QES-23.03,1983
R1482600,CURRENTLY_WORKING.03_1984,CURRENTLY WORKING AT JOB? JOB #03,QES-23.03,1984
R1828600,CURRENTLY_WORKING.03_1985,CURRENTLY WORKING AT JOB? JOB #03,QES-23.03,1985
R2192000,CURRENTLY_WORKING.03_1986,CURRENTLY WORKING AT JOB? JOB #03,QES-23.03,1986
R2394800,CURRENTLY_WORKING.03_1987,CURRENTLY WORKING AT JOB? JOB #03,QES-23.03,1987
R2788900,CURRENTLY_WORKING.03_1988,CURRENTLY WORKING AT JOB? JOB #03,QES-23.03,1988
R3031100,CURRENTLY_WORKING.03_1989,CURRENTLY WORKING AT JOB? JOB #03,QES-23.03,1989
R3360300,CURRENTLY_WORKING.03_1990,CURRENTLY WORKING AT JOB? JOB #03,QES-23.03,1990
R3621500,CURRENTLY_WORKING.03_1991,CURRENTLY WORKING AT JOB? JOB #03,QES-23.03,1991
R3971800,CURRENTLY_WORKING.03_1992,CURRENTLY WORKING AT JOB? JOB #03,QES-23.03,1992
R4208400,CURRENTLY_WORKING.03_1993,CURRENTLY WORKING AT JOB? JOB #03,QES-23.03,1993
R4664700,CURRENTLY_WORKING.03_1994,CURRENTLY WORKING AT JOB? JOB #03,QES-23.03,1994
R5340700,CURRENTLY_WORKING.03_1996,CURRENTLY WORKING AT JOB? JOB #03,QES-23.03,1996
R0068300,CURRENTLY_WORKING.04_1979,CURRENTLY WORKING AT JOB? JOB #04,QES-23.04,1979
R0367600,CURRENTLY_WORKING.04_1980,CURRENTLY WORKING AT JOB? JOB #04,QES-23.04,1980
R0578400,CURRENTLY_WORKING.04_1981,CURRENTLY WORKING AT JOB? JOB #04,QES-23.04,1981
R0872800,CURRENTLY_WORKING.04_1982,CURRENTLY WORKING AT JOB? JOB #04,QES-23.04,1982
R1120300,CURRENTLY_WORKING.04_1983,CURRENTLY WORKING AT JOB? JOB #04,QES-23.04,1983
R1495700,CURRENTLY_WORKING.04_1984,CURRENTLY WORKING AT JOB? JOB #04,QES-23.04,1984
R1841300,CURRENTLY_WORKING.04_1985,CURRENTLY WORKING AT JOB? JOB #04,QES-23.04,1985
R2205600,CURRENTLY_WORKING.04_1986,CURRENTLY WORKING AT JOB? JOB #04,QES-23.04,1986
R2406100,CURRENTLY_WORKING.04_1987,CURRENTLY WORKING AT JOB? JOB #04,QES-23.04,1987
R2801800,CURRENTLY_WORKING.04_1988,CURRENTLY WORKING AT JOB? JOB #04,QES-23.04,1988
R3044200,CURRENTLY_WORKING.04_1989,CURRENTLY WORKING AT JOB? JOB #04,QES-23.04,1989
R3374300,CURRENTLY_WORKING.04_1990,CURRENTLY WORKING AT JOB? JOB #04,QES-23.04,1990
R3633600,CURRENTLY_WORKING.04_1991,CURRENTLY WORKING AT JOB? JOB #04,QES-23.04,1991
R3984000,CURRENTLY_WORKING.04_1992,CURRENTLY WORKING AT JOB? JOB #04,QES-23.04,1992
R4215400,CURRENTLY_WORKING.04_1993,CURRENTLY WORKING AT JOB? JOB #04,QES-23.04,1993
R4706300,CURRENTLY_WORKING.04_1994,CURRENTLY WORKING AT JOB? JOB #04,QES-23.04,1994
R5378400,CURRENTLY_WORKING.04_1996,CURRENTLY WORKING AT JOB? JOB #04,QES-23.04,1996
R0068400,CURRENTLY_WORKING.05_1979,CURRENTLY WORKING AT JOB? JOB #05,QES-23.05,1979
R0379100,CURRENTLY_WORKING.05_1980,CURRENTLY WORKING AT JOB? JOB #05,QES-23.05,1980
R0591500,CURRENTLY_WORKING.05_1981,CURRENTLY WORKING AT JOB? JOB #05,QES-23.05,1981
R0885900,CURRENTLY_WORKING.05_1982,CURRENTLY WORKING AT JOB? JOB #05,QES-23.05,1982
R1133500,CURRENTLY_WORKING.05_1983,CURRENTLY WORKING AT JOB? JOB #05,QES-23.05,1983
R1508800,CURRENTLY_WORKING.05_1984,CURRENTLY WORKING AT JOB? JOB #05,QES-23.05,1984
R1854000,CURRENTLY_WORKING.05_1985,CURRENTLY WORKING AT JOB? JOB #05,QES-23.05,1985
R2219200,CURRENTLY_WORKING.05_1986,CURRENTLY WORKING AT JOB? JOB #05,QES-23.05,1986
R2417400,CURRENTLY_WORKING.05_1987,CURRENTLY WORKING AT JOB? JOB #05,QES-23.05,1987
R2814700,CURRENTLY_WORKING.05_1988,CURRENTLY WORKING AT JOB? JOB #05,QES-23.05,1988
R3057300,CURRENTLY_WORKING.05_1989,CURRENTLY WORKING AT JOB? JOB #05,QES-23.05,1989
R3388300,CURRENTLY_WORKING.05_1990,CURRENTLY WORKING AT JOB? JOB #05,QES-23.05,1990
R3645700,CURRENTLY_WORKING.05_1991,CURRENTLY WORKING AT JOB? JOB #05,QES-23.05,1991
R3996200,CURRENTLY_WORKING.05_1992,CURRENTLY WORKING AT JOB? JOB #05,QES-23.05,1992
R4223000,CURRENTLY_WORKING.05_1993,CURRENTLY WORKING AT JOB? JOB #05,QES-23.05,1993
R4741100,CURRENTLY_WORKING.05_1994,CURRENTLY WORKING AT JOB? JOB #05,QES-23.05,1994
R5413400,CURRENTLY_WORKING.05_1996,CURRENTLY WORKING AT JOB? JOB #05,QES-23.05,1996
R0017300,HIGHEST_GRADE_1979,HIGHEST GRADE COMPLETED,Q3-4,1979
R0229200,HIGHEST_GRADE_1980,HIGHEST GRADE COMPLETED,Q3-4,1980
R0417400,HIGHEST_GRADE_1981,HIGHEST GRADE COMPLETED,Q3-4,1981
R0664500,HIGHEST_GRADE_1982,HIGHEST GRADE COMPLETED,Q3-4,1982
R0905900,HIGHEST_GRADE_1983,HIGHEST GRADE COMPLETED,Q3-4,1983
R1205800,HIGHEST_GRADE_1984,HIGHEST GRADE COMPLETED,Q3-4,1984
R1605100,HIGHEST_GRADE_1985,HIGHEST GRADE COMPLETED,Q3-4,1985
R1905600,HIGHEST_GRADE_1986,HIGHEST GRADE COMPLETED,Q3-4,1986
R2306500,HIGHEST_GRADE_1987,HIGHEST GRADE COMPLETED,Q3-4,1987
R2509000,HIGHEST_GRADE_1988,HIGHEST GRADE COMPLETED,Q3-4,1988
R2908100,HIGHEST_GRADE_1989,HIGHEST GRADE COMPLETED,Q3-4,1989
R3110200,HIGHEST_GRADE_1990,HIGHEST GRADE COMPLETED,Q3-4,1990
R3510200,HIGHEST_GRADE_1991,HIGHEST GRADE COMPLETED,Q3-4,1991
R3710200,HIGHEST_GRADE_1992,HIGHEST GRADE COMPLETED,Q3-4,1992
R4137900,HIGHEST_GRADE_1993,HIGHEST GRADE COMPLETED,Q3-4,1993
R4526500,HIGHEST_GRADE_1994,HIGHEST GRADE COMPLETED,Q3-4,1994
R5221800,HIGHEST_GRADE_1996,HIGHEST GRADE COMPLETED,Q3-4,1996
R5821800,HIGHEST_GRADE_1998,HIGHEST GRADE COMPLETED,Q3-4,1998
R6540400,HIGHEST_GRADE_2000,HIGHEST GRADE COMPLETED,Q3-4,2000
R7103600,HIGHEST_GRADE_2002,HIGHEST GRADE COMPLETED,Q3-4,2002
R7810500,HIGHEST_GRADE_2004,HIGHEST GRADE COMPLETED,Q3-4,2004
T0014400,HIGHEST_GRADE_2006,HIGHEST GRADE COMPLETED,Q3-4,2006
T1214300,HIGHEST_GRADE_2008,HIGHEST GRADE COMPLETED,Q3-4,2008
T2272800,HIGHEST_GRADE_2010,HIGHEST GRADE COMPLETED,Q3-4,2010
T3212900,HIGHEST_GRADE_2012,HIGHEST GRADE COMPLETED,Q3-4,2012
T4201100,HIGHEST_GRADE_2014,HIGHEST GRADE COMPLETED,Q3-4,2014
T5176100,HIGHEST_GRADE_2016,HIGHEST GRADE COMPLETED,Q3-4,2016
R0091710,HOURLY_PAY_1979.01,HOURLY RATE OF PAY JOB #01,HRP1,1979
R0338910,HOURLY_PAY_1980.01,HOURLY RATE OF PAY JOB #01,HRP1,1980
R3605800,HOURLY_PAY_1991.01,HOURLY RATE OF PAY JOB #01,HRP1,1991
R4416900,HOURLY_PAY_1993.01,HOURLY RATE OF PAY JOB #01,HRP1,1993
R5079900,HOURLY_PAY_1994.01,HOURLY RATE OF PAY JOB #01,HRP1,1994
R5165200,HOURLY_PAY_1996.01,HOURLY RATE OF PAY JOB #01,HRP1,1996
R6478000,HOURLY_PAY_1998.01,HOURLY RATE OF PAY JOB #01,HRP1,1998
R7005700,HOURLY_PAY_2000.01,HOURLY RATE OF PAY JOB #01,HRP1,2000
R7702900,HOURLY_PAY_2002.01,HOURLY RATE OF PAY JOB #01,HRP1,2002
R8495200,HOURLY_PAY_2004.01,HOURLY RATE OF PAY JOB #01,HRP1,2004
T0986800,HOURLY_PAY_2006.01,HOURLY RATE OF PAY JOB #01,HRP1,2006
T2209100,HOURLY_PAY_2008.01,HOURLY RATE OF PAY JOB #01,HRP1,2008
T3106900,HOURLY_PAY_2010.01,HOURLY RATE OF PAY JOB #01,HRP1,2010
T4110900,HOURLY_PAY_2012.01,HOURLY RATE OF PAY JOB #01,HRP1,2012
T5019700,HOURLY_PAY_2014.01,HOURLY RATE OF PAY JOB #01,HRP1,2014
T5768600,HOURLY_PAY_2016.01,HOURLY RATE OF PAY JOB #01,HRP1,2016
R0091910,HOURLY_PAY_1979.02,HOURLY RATE OF PAY JOB #02,HRP2,1979
R0350410,HOURLY_PAY_1980.02,HOURLY RATE OF PAY JOB #02,HRP2,1980
R4417000,HOURLY_PAY_1993.02,HOURLY RATE OF PAY JOB #02,HRP2,1993
R5080000,HOURLY_PAY_1994.02,HOURLY RATE OF PAY JOB #02,HRP2,1994
R5165300,HOURLY_PAY_1996.02,HOURLY RATE OF PAY JOB #02,HRP2,1996
R6478100,HOURLY_PAY_1998.02,HOURLY RATE OF PAY JOB #02,HRP2,1998
R7005800,HOURLY_PAY_2000.02,HOURLY RATE OF PAY JOB #02,HRP2,2000
R7703000,HOURLY_PAY_2002.02,HOURLY RATE OF PAY JOB #02,HRP2,2002
R8495300,HOURLY_PAY_2004.02,HOURLY RATE OF PAY JOB #02,HRP2,2004
T0986900,HOURLY_PAY_2006.02,HOURLY RATE OF PAY JOB #02,HRP2,2006
T2209200,HOURLY_PAY_2008.02,HOURLY RATE OF PAY JOB #02,HRP2,2008
T3107000,HOURLY_PAY_2010.02,HOURLY RATE OF PAY JOB #02,HRP2,2010
T4111100,HOURLY_PAY_2012.02,HOURLY RATE OF PAY JOB #02,HRP2,2012
T5019900,HOURLY_PAY_2014.02,HOURLY RATE OF PAY JOB #02,HRP2,2014
T5768800,HOURLY_PAY_2016.02,HOURLY RATE OF PAY JOB #02,HRP2,2016
R0092110,HOURLY_PAY_1979.03,HOURLY RATE OF PAY JOB #03,HRP3,1979
R3630000,HOURLY_PAY_1991.03,HOURLY RATE OF PAY JOB #03,HRP3,1991
R3980400,HOURLY_PAY_1992.03,HOURLY RATE OF PAY JOB #03,HRP3,1992
R4417100,HOURLY_PAY_1993.03,HOURLY RATE OF PAY JOB #03,HRP3,1993
R5080100,HOURLY_PAY_1994.03,HOURLY RATE OF PAY JOB #03,HRP3,1994
R5165400,HOURLY_PAY_1996.03,HOURLY RATE OF PAY JOB #03,HRP3,1996
R6478200,HOURLY_PAY_1998.03,HOURLY RATE OF PAY JOB #03,HRP3,1998
R7005900,HOURLY_PAY_2000.03,HOURLY RATE OF PAY JOB #03,HRP3,2000
R7703100,HOURLY_PAY_2002.03,HOURLY RATE OF PAY JOB #03,HRP3,2002
R8495400,HOURLY_PAY_2004.03,HOURLY RATE OF PAY JOB #03,HRP3,2004
T0987000,HOURLY_PAY_2006.03,HOURLY RATE OF PAY JOB #03,HRP3,2006
T2209300,HOURLY_PAY_2008.03,HOURLY RATE OF PAY JOB #03,HRP3,2008
T3107100,HOURLY_PAY_2010.03,HOURLY RATE OF PAY JOB #03,HRP3,2010
T4111300,HOURLY_PAY_2012.03,HOURLY RATE OF PAY JOB #03,HRP3,2012
T5020100,HOURLY_PAY_2014.03,HOURLY RATE OF PAY JOB #03,HRP3,2014
T5769000,HOURLY_PAY_2016.03,HOURLY RATE OF PAY JOB #03,HRP3,2016
R0092310,HOURLY_PAY_1979.04,HOURLY RATE OF PAY JOB #04,HRP4,1979
R3642100,HOURLY_PAY_1991.04,HOURLY RATE OF PAY JOB #04,HRP4,1991
R3992600,HOURLY_PAY_1992.04,HOURLY RATE OF PAY JOB #04,HRP4,1992
R4417200,HOURLY_PAY_1993.04,HOURLY RATE OF PAY JOB #04,HRP4,1993
R5080200,HOURLY_PAY_1994.04,HOURLY RATE OF PAY JOB #04,HRP4,1994
R5165500,HOURLY_PAY_1996.04,HOURLY RATE OF PAY JOB #04,HRP4,1996
R6478300,HOURLY_PAY_1998.04,HOURLY RATE OF PAY JOB #04,HRP4,1998
R7006000,HOURLY_PAY_2000.04,HOURLY RATE OF PAY JOB #04,HRP4,2000
R7703200,HOURLY_PAY_2002.04,HOURLY RATE OF PAY JOB #04,HRP4,2002
R8495500,HOURLY_PAY_2004.04,HOURLY RATE OF PAY JOB #04,HRP4,2004
T0987100,HOURLY_PAY_2006.04,HOURLY RATE OF PAY JOB #04,HRP4,2006
T2209400,HOURLY_PAY_2008.04,HOURLY RATE OF PAY JOB #04,HRP4,2008
T3107200,HOURLY_PAY_2010.04,HOURLY RATE OF PAY JOB #04,HRP4,2010
T4111500,HOURLY_PAY_2012.04,HOURLY RATE OF PAY JOB #04,HRP4,2012
T5020300,HOURLY_PAY_2014.04,HOURLY RATE OF PAY JOB #04,HRP4,2014
T5769200,HOURLY_PAY_2016.04,HOURLY RATE OF PAY JOB #04,HRP4,2016
R0092510,HOURLY_PAY_1979.05,HOURLY RATE OF PAY JOB #05,HRP5,1979
R3654200,HOURLY_PAY_1991.05,HOURLY RATE OF PAY JOB #05,HRP5,1991
R4004800,HOURLY_PAY_1992.05,HOURLY RATE OF PAY JOB #05,HRP5,1992
R4417300,HOURLY_PAY_1993.05,HOURLY RATE OF PAY JOB #05,HRP5,1993
R5080300,HOURLY_PAY_1994.05,HOURLY RATE OF PAY JOB #05,HRP5,1994
R5165600,HOURLY_PAY_1996.05,HOURLY RATE OF PAY JOB #05,HRP5,1996
R6478400,HOURLY_PAY_1998.05,HOURLY RATE OF PAY JOB #05,HRP5,1998
R7006100,HOURLY_PAY_2000.05,HOURLY RATE OF PAY JOB #05,HRP5,2000
R7703300,HOURLY_PAY_2002.05,HOURLY RATE OF PAY JOB #05,HRP5,2002
R8495600,HOURLY_PAY_2004.05,HOURLY RATE OF PAY JOB #05,HRP5,2004
T0987200,HOURLY_PAY_2006.05,HOURLY RATE OF PAY JOB #05,HRP5,2006
T2209500,HOURLY_PAY_2008.05,HOURLY RATE OF PAY JOB #05,HRP5,2008
T3107300,HOURLY_PAY_2010.05,HOURLY RATE OF PAY JOB #05,HRP5,2010
T4111700,HOURLY_PAY_2012.05,HOURLY RATE OF PAY JOB #05,HRP5,2012
T5020500,HOURLY_PAY_2014.05,HOURLY RATE OF PAY JOB #05,HRP5,2014
T5769400,HOURLY_PAY_2016.05,HOURLY RATE OF PAY JOB #05,HRP5,2016
R0546610,HOURLY_PAY_1981.01,HOURLY RATE OF PAY JOB #01,HRP1,1981
R0841010,HOURLY_PAY_1982.01,HOURLY RATE OF PAY JOB #01,HRP1,1982
R1088210,HOURLY_PAY_1983.01,HOURLY RATE OF PAY JOB #01,HRP1,1983
R1463910,HOURLY_PAY_1984.01,HOURLY RATE OF PAY JOB #01,HRP1,1984
R1810710,HOURLY_PAY_1985.01,HOURLY RATE OF PAY JOB #01,HRP1,1985
R2172410,HOURLY_PAY_1986.01,HOURLY RATE OF PAY JOB #01,HRP1,1986
R2377210,HOURLY_PAY_1987.01,HOURLY RATE OF PAY JOB #01,HRP1,1987
R2772210,HOURLY_PAY_1988.01,HOURLY RATE OF PAY JOB #01,HRP1,1988
R3014010,HOURLY_PAY_1989.01,HOURLY RATE OF PAY JOB #01,HRP1,1989
R3341500,HOURLY_PAY_1990.01,HOURLY RATE OF PAY JOB #01,HRP1,1990
R3956000,HOURLY_PAY_1992.01,HOURLY RATE OF PAY JOB #01,HRP1,1992
R0559710,HOURLY_PAY_1981.02,HOURLY RATE OF PAY JOB #02,HRP2,1981
R0854110,HOURLY_PAY_1982.02,HOURLY RATE OF PAY JOB #02,HRP2,1982
R1101410,HOURLY_PAY_1983.02,HOURLY RATE OF PAY JOB #02,HRP2,1983
R1477010,HOURLY_PAY_1984.02,HOURLY RATE OF PAY JOB #02,HRP2,1984
R1823410,HOURLY_PAY_1985.02,HOURLY RATE OF PAY JOB #02,HRP2,1985
R2186010,HOURLY_PAY_1986.02,HOURLY RATE OF PAY JOB #02,HRP2,1986
R2388510,HOURLY_PAY_1987.02,HOURLY RATE OF PAY JOB #02,HRP2,1987
R2785110,HOURLY_PAY_1988.02,HOURLY RATE OF PAY JOB #02,HRP2,1988
R3027110,HOURLY_PAY_1989.02,HOURLY RATE OF PAY JOB #02,HRP2,1989
R3355500,HOURLY_PAY_1990.02,HOURLY RATE OF PAY JOB #02,HRP2,1990
R3617900,HOURLY_PAY_1991.02,HOURLY RATE OF PAY JOB #02,HRP2,1991
R3968200,HOURLY_PAY_1992.02,HOURLY RATE OF PAY JOB #02,HRP2,1992
R0361910,HOURLY_PAY_1980.03,HOURLY RATE OF PAY JOB #03,HRP3,1980
R0572810,HOURLY_PAY_1981.03,HOURLY RATE OF PAY JOB #03,HRP3,1981
R0867210,HOURLY_PAY_1982.03,HOURLY RATE OF PAY JOB #03,HRP3,1982
R1114610,HOURLY_PAY_1983.03,HOURLY RATE OF PAY JOB #03,HRP3,1983
R1490110,HOURLY_PAY_1984.03,HOURLY RATE OF PAY JOB #03,HRP3,1984
R1836110,HOURLY_PAY_1985.03,HOURLY RATE OF PAY JOB #03,HRP3,1985
R2199610,HOURLY_PAY_1986.03,HOURLY RATE OF PAY JOB #03,HRP3,1986
R2399810,HOURLY_PAY_1987.03,HOURLY RATE OF PAY JOB #03,HRP3,1987
R2798010,HOURLY_PAY_1988.03,HOURLY RATE OF PAY JOB #03,HRP3,1988
R3040210,HOURLY_PAY_1989.03,HOURLY RATE OF PAY JOB #03,HRP3,1989
R3369500,HOURLY_PAY_1990.03,HOURLY RATE OF PAY JOB #03,HRP3,1990
R0373410,HOURLY_PAY_1980.04,HOURLY RATE OF PAY JOB #04,HRP4,1980
R0585910,HOURLY_PAY_1981.04,HOURLY RATE OF PAY JOB #04,HRP4,1981
R0880310,HOURLY_PAY_1982.04,HOURLY RATE OF PAY JOB #04,HRP4,1982
R1127810,HOURLY_PAY_1983.04,HOURLY RATE OF PAY JOB #04,HRP4,1983
R1503210,HOURLY_PAY_1984.04,HOURLY RATE OF PAY JOB #04,HRP4,1984
R1848810,HOURLY_PAY_1985.04,HOURLY RATE OF PAY JOB #04,HRP4,1985
R2213210,HOURLY_PAY_1986.04,HOURLY RATE OF PAY JOB #04,HRP4,1986
R2411110,HOURLY_PAY_1987.04,HOURLY RATE OF PAY JOB #04,HRP4,1987
R2810910,HOURLY_PAY_1988.04,HOURLY RATE OF PAY JOB #04,HRP4,1988
R3053310,HOURLY_PAY_1989.04,HOURLY RATE OF PAY JOB #04,HRP4,1989
R3383500,HOURLY_PAY_1990.04,HOURLY RATE OF PAY JOB #04,HRP4,1990
R0384910,HOURLY_PAY_1980.05,HOURLY RATE OF PAY JOB #05,HRP5,1980
R0599010,HOURLY_PAY_1981.05,HOURLY RATE OF PAY JOB #05,HRP5,1981
R0893410,HOURLY_PAY_1982.05,HOURLY RATE OF PAY JOB #05,HRP5,1982
R1141010,HOURLY_PAY_1983.05,HOURLY RATE OF PAY JOB #05,HRP5,1983
R1516310,HOURLY_PAY_1984.05,HOURLY RATE OF PAY JOB #05,HRP5,1984
R1861510,HOURLY_PAY_1985.05,HOURLY RATE OF PAY JOB #05,HRP5,1985
R2226810,HOURLY_PAY_1986.05,HOURLY RATE OF PAY JOB #05,HRP5,1986
R2422410,HOURLY_PAY_1987.05,HOURLY RATE OF PAY JOB #05,HRP5,1987
R2823810,HOURLY_PAY_1988.05,HOURLY RATE OF PAY JOB #05,HRP5,1988
R3066410,HOURLY_PAY_1989.05,HOURLY RATE OF PAY JOB #05,HRP5,1989
R3397500,HOURLY_PAY_1990.05,HOURLY RATE OF PAY JOB #05,HRP5,1990
R0070500,HOURS_WORKED_WEEK.01_1979,HOURS PER WEEK WORKED JOB #01,QES-52A.01,1979
R0337800,HOURS_WORKED_WEEK.01_1980,HOURS PER WEEK WORKED JOB #01,QES-52A.01,1980
R0545600,HOURS_WORKED_WEEK.01_1981,HOURS PER WEEK WORKED JOB #01,QES-52A.01,1981
R0839900,HOURS_WORKED_WEEK.01_1982,HOURS PER WEEK WORKED JOB #01,QES-52A.01,1982
R1087300,HOURS_WORKED_WEEK.01_1983,HOURS PER WEEK WORKED JOB #01,QES-52A.01,1983
R1463000,HOURS_WORKED_WEEK.01_1984,HOURS PER WEEK WORKED JOB #01,QES-52A.01,1984
R1809800,HOURS_WORKED_WEEK.01_1985,HOURS PER WEEK WORKED JOB #01,QES-52A.01,1985
R2171500,HOURS_WORKED_WEEK.01_1986,HOURS PER WEEK WORKED JOB #01,QES-52A.01,1986
R2376300,HOURS_WORKED_WEEK.01_1987,HOURS PER WEEK WORKED JOB #01,QES-52A.01,1987
R2770900,HOURS_WORKED_WEEK.01_1988,HOURS PER WEEK WORKED JOB #01,QES-52A.01,1988
R3012700,HOURS_WORKED_WEEK.01_1989,HOURS PER WEEK WORKED JOB #01,QES-52A.01,1989
R3340100,HOURS_WORKED_WEEK.01_1990,HOURS PER WEEK WORKED JOB #01,QES-52A.01,1990
R3604400,HOURS_WORKED_WEEK.01_1991,HOURS PER WEEK WORKED JOB #01,QES-52A.01,1991
R3954600,HOURS_WORKED_WEEK.01_1992,HOURS PER WEEK WORKED JOB #01,QES-52A.01,1992
R4193200,HOURS_WORKED_WEEK.01_1993,HOURS PER WEEK WORKED JOB #01,QES-52A.01,1993
R4582900,HOURS_WORKED_WEEK.01_1994,HOURS PER WEEK WORKED JOB #01,QES-52A.01,1994
R5267100,HOURS_WORKED_WEEK.01_1996,HOURS PER WEEK WORKED JOB #01,QES-52A.01,1996
R5912600,HOURS_WORKED_WEEK.01_1998,HOURS PER WEEK WORKED JOB #01,QES-52A.01,1998
R6578200,HOURS_WORKED_WEEK.01_2000,HOURS PER WEEK WORKED JOB #01,QES-52A.01,2000
R7192900,HOURS_WORKED_WEEK.01_2002,HOURS PER WEEK WORKED JOB #01,QES-52A.01,2002
R7879600,HOURS_WORKED_WEEK.01_2004,HOURS PER WEEK WORKED JOB #01,QES-52A.01,2004
T0121900,HOURS_WORKED_WEEK.01_2006,HOURS PER WEEK WORKED JOB #01,QES-52A.01,2006
T1281800,HOURS_WORKED_WEEK.01_2008,HOURS PER WEEK WORKED JOB #01,QES-52A.01,2008
R0070600,HOURS_WORKED_WEEK.02_1979,HOURS PER WEEK WORKED JOB #02,QES-52A.02,1979
R0349300,HOURS_WORKED_WEEK.02_1980,HOURS PER WEEK WORKED JOB #02,QES-52A.02,1980
R0558700,HOURS_WORKED_WEEK.02_1981,HOURS PER WEEK WORKED JOB #02,QES-52A.02,1981
R0853000,HOURS_WORKED_WEEK.02_1982,HOURS PER WEEK WORKED JOB #02,QES-52A.02,1982
R1100500,HOURS_WORKED_WEEK.02_1983,HOURS PER WEEK WORKED JOB #02,QES-52A.02,1983
R1476100,HOURS_WORKED_WEEK.02_1984,HOURS PER WEEK WORKED JOB #02,QES-52A.02,1984
R1822500,HOURS_WORKED_WEEK.02_1985,HOURS PER WEEK WORKED JOB #02,QES-52A.02,1985
R2185100,HOURS_WORKED_WEEK.02_1986,HOURS PER WEEK WORKED JOB #02,QES-52A.02,1986
R2387600,HOURS_WORKED_WEEK.02_1987,HOURS PER WEEK WORKED JOB #02,QES-52A.02,1987
R2783800,HOURS_WORKED_WEEK.02_1988,HOURS PER WEEK WORKED JOB #02,QES-52A.02,1988
R3025800,HOURS_WORKED_WEEK.02_1989,HOURS PER WEEK WORKED JOB #02,QES-52A.02,1989
R3354100,HOURS_WORKED_WEEK.02_1990,HOURS PER WEEK WORKED JOB #02,QES-52A.02,1990
R3616500,HOURS_WORKED_WEEK.02_1991,HOURS PER WEEK WORKED JOB #02,QES-52A.02,1991
R3966800,HOURS_WORKED_WEEK.02_1992,HOURS PER WEEK WORKED JOB #02,QES-52A.02,1992
R4205500,HOURS_WORKED_WEEK.02_1993,HOURS PER WEEK WORKED JOB #02,QES-52A.02,1993
R4627100,HOURS_WORKED_WEEK.02_1994,HOURS PER WEEK WORKED JOB #02,QES-52A.02,1994
R5307400,HOURS_WORKED_WEEK.02_1996,HOURS PER WEEK WORKED JOB #02,QES-52A.02,1996
R5912700,HOURS_WORKED_WEEK.02_1998,HOURS PER WEEK WORKED JOB #02,QES-52A.02,1998
R6578300,HOURS_WORKED_WEEK.02_2000,HOURS PER WEEK WORKED JOB #02,QES-52A.02,2000
R7193000,HOURS_WORKED_WEEK.02_2002,HOURS PER WEEK WORKED JOB #02,QES-52A.02,2002
R7879700,HOURS_WORKED_WEEK.02_2004,HOURS PER WEEK WORKED JOB #02,QES-52A.02,2004
T0122000,HOURS_WORKED_WEEK.02_2006,HOURS PER WEEK WORKED JOB #02,QES-52A.02,2006
T1281900,HOURS_WORKED_WEEK.02_2008,HOURS PER WEEK WORKED JOB #02,QES-52A.02,2008
R0070700,HOURS_WORKED_WEEK.03_1979,HOURS PER WEEK WORKED JOB #03,QES-52A.03,1979
R0360800,HOURS_WORKED_WEEK.03_1980,HOURS PER WEEK WORKED JOB #03,QES-52A.03,1980
R0571800,HOURS_WORKED_WEEK.03_1981,HOURS PER WEEK WORKED JOB #03,QES-52A.03,1981
R0866100,HOURS_WORKED_WEEK.03_1982,HOURS PER WEEK WORKED JOB #03,QES-52A.03,1982
R1113700,HOURS_WORKED_WEEK.03_1983,HOURS PER WEEK WORKED JOB #03,QES-52A.03,1983
R1489200,HOURS_WORKED_WEEK.03_1984,HOURS PER WEEK WORKED JOB #03,QES-52A.03,1984
R1835200,HOURS_WORKED_WEEK.03_1985,HOURS PER WEEK WORKED JOB #03,QES-52A.03,1985
R2198700,HOURS_WORKED_WEEK.03_1986,HOURS PER WEEK WORKED JOB #03,QES-52A.03,1986
R2398900,HOURS_WORKED_WEEK.03_1987,HOURS PER WEEK WORKED JOB #03,QES-52A.03,1987
R2796700,HOURS_WORKED_WEEK.03_1988,HOURS PER WEEK WORKED JOB #03,QES-52A.03,1988
R3038900,HOURS_WORKED_WEEK.03_1989,HOURS PER WEEK WORKED JOB #03,QES-52A.03,1989
R3368100,HOURS_WORKED_WEEK.03_1990,HOURS PER WEEK WORKED JOB #03,QES-52A.03,1990
R3628600,HOURS_WORKED_WEEK.03_1991,HOURS PER WEEK WORKED JOB #03,QES-52A.03,1991
R3979000,HOURS_WORKED_WEEK.03_1992,HOURS PER WEEK WORKED JOB #03,QES-52A.03,1992
R4212700,HOURS_WORKED_WEEK.03_1993,HOURS PER WEEK WORKED JOB #03,QES-52A.03,1993
R4671000,HOURS_WORKED_WEEK.03_1994,HOURS PER WEEK WORKED JOB #03,QES-52A.03,1994
R5346600,HOURS_WORKED_WEEK.03_1996,HOURS PER WEEK WORKED JOB #03,QES-52A.03,1996
R5912800,HOURS_WORKED_WEEK.03_1998,HOURS PER WEEK WORKED JOB #03,QES-52A.03,1998
R6578400,HOURS_WORKED_WEEK.03_2000,HOURS PER WEEK WORKED JOB #03,QES-52A.03,2000
R7193100,HOURS_WORKED_WEEK.03_2002,HOURS PER WEEK WORKED JOB #03,QES-52A.03,2002
R7879800,HOURS_WORKED_WEEK.03_2004,HOURS PER WEEK WORKED JOB #03,QES-52A.03,2004
T0122100,HOURS_WORKED_WEEK.03_2006,HOURS PER WEEK WORKED JOB #03,QES-52A.03,2006
T1282000,HOURS_WORKED_WEEK.03_2008,HOURS PER WEEK WORKED JOB #03,QES-52A.03,2008
R0070800,HOURS_WORKED_WEEK.04_1979,HOURS PER WEEK WORKED JOB #04,QES-52A.04,1979
R0372300,HOURS_WORKED_WEEK.04_1980,HOURS PER WEEK WORKED JOB #04,QES-52A.04,1980
R0584900,HOURS_WORKED_WEEK.04_1981,HOURS PER WEEK WORKED JOB #04,QES-52A.04,1981
R0879200,HOURS_WORKED_WEEK.04_1982,HOURS PER WEEK WORKED JOB #04,QES-52A.04,1982
R1126900,HOURS_WORKED_WEEK.04_1983,HOURS PER WEEK WORKED JOB #04,QES-52A.04,1983
R1502300,HOURS_WORKED_WEEK.04_1984,HOURS PER WEEK WORKED JOB #04,QES-52A.04,1984
R1847900,HOURS_WORKED_WEEK.04_1985,HOURS PER WEEK WORKED JOB #04,QES-52A.04,1985
R2212300,HOURS_WORKED_WEEK.04_1986,HOURS PER WEEK WORKED JOB #04,QES-52A.04,1986
R2410200,HOURS_WORKED_WEEK.04_1987,HOURS PER WEEK WORKED JOB #04,QES-52A.04,1987
R2809600,HOURS_WORKED_WEEK.04_1988,HOURS PER WEEK WORKED JOB #04,QES-52A.04,1988
R3052000,HOURS_WORKED_WEEK.04_1989,HOURS PER WEEK WORKED JOB #04,QES-52A.04,1989
R3382100,HOURS_WORKED_WEEK.04_1990,HOURS PER WEEK WORKED JOB #04,QES-52A.04,1990
R3640700,HOURS_WORKED_WEEK.04_1991,HOURS PER WEEK WORKED JOB #04,QES-52A.04,1991
R3991200,HOURS_WORKED_WEEK.04_1992,HOURS PER WEEK WORKED JOB #04,QES-52A.04,1992
R4220300,HOURS_WORKED_WEEK.04_1993,HOURS PER WEEK WORKED JOB #04,QES-52A.04,1993
R4710600,HOURS_WORKED_WEEK.04_1994,HOURS PER WEEK WORKED JOB #04,QES-52A.04,1994
R5383700,HOURS_WORKED_WEEK.04_1996,HOURS PER WEEK WORKED JOB #04,QES-52A.04,1996
R5912900,HOURS_WORKED_WEEK.04_1998,HOURS PER WEEK WORKED JOB #04,QES-52A.04,1998
R6578500,HOURS_WORKED_WEEK.04_2000,HOURS PER WEEK WORKED JOB #04,QES-52A.04,2000
R7193200,HOURS_WORKED_WEEK.04_2002,HOURS PER WEEK WORKED JOB #04,QES-52A.04,2002
R7879900,HOURS_WORKED_WEEK.04_2004,HOURS PER WEEK WORKED JOB #04,QES-52A.04,2004
T0122200,HOURS_WORKED_WEEK.04_2006,HOURS PER WEEK WORKED JOB #04,QES-52A.04,2006
T1282100,HOURS_WORKED_WEEK.04_2008,HOURS PER WEEK WORKED JOB #04,QES-52A.04,2008
R0070900,HOURS_WORKED_WEEK.05_1979,HOURS PER WEEK WORKED JOB #05,QES-52A.05,1979
R0383800,HOURS_WORKED_WEEK.05_1980,HOURS PER WEEK WORKED JOB #05,QES-52A.05,1980
R0598000,HOURS_WORKED_WEEK.05_1981,HOURS PER WEEK WORKED JOB #05,QES-52A.05,1981
R0892300,HOURS_WORKED_WEEK.05_1982,HOURS PER WEEK WORKED JOB #05,QES-52A.05,1982
R1140100,HOURS_WORKED_WEEK.05_1983,HOURS PER WEEK WORKED JOB #05,QES-52A.05,1983
R1515400,HOURS_WORKED_WEEK.05_1984,HOURS PER WEEK WORKED JOB #05,QES-52A.05,1984
R1860600,HOURS_WORKED_WEEK.05_1985,HOURS PER WEEK WORKED JOB #05,QES-52A.05,1985
R2225900,HOURS_WORKED_WEEK.05_1986,HOURS PER WEEK WORKED JOB #05,QES-52A.05,1986
R2421500,HOURS_WORKED_WEEK.05_1987,HOURS PER WEEK WORKED JOB #05,QES-52A.05,1987
R2822500,HOURS_WORKED_WEEK.05_1988,HOURS PER WEEK WORKED JOB #05,QES-52A.05,1988
R3065100,HOURS_WORKED_WEEK.05_1989,HOURS PER WEEK WORKED JOB #05,QES-52A.05,1989
R3396100,HOURS_WORKED_WEEK.05_1990,HOURS PER WEEK WORKED JOB #05,QES-52A.05,1990
R3652800,HOURS_WORKED_WEEK.05_1991,HOURS PER WEEK WORKED JOB #05,QES-52A.05,1991
R4003400,HOURS_WORKED_WEEK.05_1992,HOURS PER WEEK WORKED JOB #05,QES-52A.05,1992
R4227800,HOURS_WORKED_WEEK.05_1993,HOURS PER WEEK WORKED JOB #05,QES-52A.05,1993
R4744900,HOURS_WORKED_WEEK.05_1994,HOURS PER WEEK WORKED JOB #05,QES-52A.05,1994
R5418200,HOURS_WORKED_WEEK.05_1996,HOURS PER WEEK WORKED JOB #05,QES-52A.05,1996
R5913000,HOURS_WORKED_WEEK.05_1998,HOURS PER WEEK WORKED JOB #05,QES-52A.05,1998
R6578600,HOURS_WORKED_WEEK.05_2000,HOURS PER WEEK WORKED JOB #05,QES-52A.05,2000
R7193300,HOURS_WORKED_WEEK.05_2002,HOURS PER WEEK WORKED JOB #05,QES-52A.05,2002
R7880000,HOURS_WORKED_WEEK.05_2004,HOURS PER WEEK WORKED JOB #05,QES-52A.05,2004
T0122300,HOURS_WORKED_WEEK.05_2006,HOURS PER WEEK WORKED JOB #05,QES-52A.05,2006
T1282200,HOURS_WORKED_WEEK.05_2008,HOURS PER WEEK WORKED JOB #05,QES-52A.05,2008
R0338400,INDUSTRY.01_1980,"TYPE OF BUSINESS OR INDUSTRY (CENSUS 3 DIGIT, 70 CODES) JOB #01",INDALL-EMP.01,1980
R0546100,INDUSTRY.01_1981,"TYPE OF BUSINESS OR INDUSTRY (CENSUS 3 DIGIT, 70 CODES) JOB #01",INDALL-EMP.01,1981
R0840600,INDUSTRY.01_1982,"TYPE OF BUSINESS OR INDUSTRY (CENSUS 3 DIGIT, 70 CODES) JOB #01",INDALL-EMP.01,1982
R1087800,INDUSTRY.01_1983,"TYPE OF BUSINESS OR INDUSTRY (CENSUS 3 DIGIT, 70 CODES) JOB #01",INDALL-EMP.01,1983
R1463500,INDUSTRY.01_1984,"TYPE OF BUSINESS OR INDUSTRY (CENSUS 3 DIGIT, 70 CODES) JOB #01",INDALL-EMP.01,1984
R1810300,INDUSTRY.01_1985,"TYPE OF BUSINESS OR INDUSTRY (CENSUS 3 DIGIT, 70 CODES) JOB #01",INDALL-EMP.01,1985
R2172000,INDUSTRY.01_1986,"TYPE OF BUSINESS OR INDUSTRY (CENSUS 3 DIGIT, 70 CODES) JOB #01",INDALL-EMP.01,1986
R2376800,INDUSTRY.01_1987,"TYPE OF BUSINESS OR INDUSTRY (CENSUS 3 DIGIT, 70 CODES) JOB #01",INDALL-EMP.01,1987
R2771600,INDUSTRY.01_1988,"TYPE OF BUSINESS OR INDUSTRY (CENSUS 3 DIGIT, 70 CODES) JOB #01",INDALL-EMP.01,1988
R3013400,INDUSTRY.01_1989,"TYPE OF BUSINESS OR INDUSTRY (CENSUS 3 DIGIT, 70 CODES) JOB #01",INDALL-EMP.01,1989
R3340800,INDUSTRY.01_1990,"TYPE OF BUSINESS OR INDUSTRY (CENSUS 3 DIGIT, 70 CODES) JOB #01",INDALL-EMP.01,1990
R3605100,INDUSTRY.01_1991,"TYPE OF BUSINESS OR INDUSTRY (CENSUS 3 DIGIT, 70 CODES) JOB #01",INDALL-EMP.01,1991
R3955300,INDUSTRY.01_1992,"TYPE OF BUSINESS OR INDUSTRY (CENSUS 3 DIGIT, 70 CODES) JOB #01",INDALL-EMP.01,1992
R4587903,INDUSTRY.01_1994,"TYPE OF BUSINESS OR INDUSTRY (CENSUS 3 DIGIT, 70 CODES) (ALL) JOB #01",INDALL-EMP.01,1994
R5270500,INDUSTRY.01_1996,"TYPE OF BUSINESS OR INDUSTRY (CENSUS 3 DIGIT, 70 CODES) (ALL) JOB #01",INDALL-EMP.01,1996
R6472100,INDUSTRY.01_1998,"TYPE OF BUSINESS OR INDUSTRY (CENSUS 3 DIGIT, 70 CODES) (ALL) JOB #01",INDALL-EMP.01,1998
R6591300,INDUSTRY.01_2000,"TYPE OF BUSINESS OR INDUSTRY (CENSUS 3 DIGIT, 70 CODES) (ALL) JOB #01",INDALL-EMP.01,2000
R7209100,INDUSTRY.01_2002,"TYPE OF BUSINESS OR INDUSTRY (CENSUS 3 DIGIT, 00 CODES) (ALL) JOB #01",INDALL-EMP.01,2002
R7897500,INDUSTRY.01_2004,"TYPE OF BUSINESS OR INDUSTRY (CENSUS 4 DIGIT, 00 NAICS-BASED CODES) (ALL) JOB #01",INDALL-EMP.01,2004
T0137900,INDUSTRY.01_2006,"TYPE OF BUSINESS OR INDUSTRY (CENSUS 4 DIGIT, 00 NAICS-BASED CODES) (ALL) JOB #01",INDALL-EMP.01,2006
T1297500,INDUSTRY.01_2008,"TYPE OF BUSINESS OR INDUSTRY (CENSUS 4 DIGIT, 00 CODES) (ALL) JOB #01",INDALL-EMP.01,2008
T2326000,INDUSTRY.01_2010,"TYPE OF BUSINESS OR INDUSTRY (CENSUS 4 DIGIT, 00 CODES) (ALL) JOB #01",INDALL-EMP.01,2010
T3308200,INDUSTRY.01_2012,"TYPE OF BUSINESS OR INDUSTRY (CENSUS 4 DIGIT, 00 CODES) (ALL) JOB #01",INDALL-EMP.01,2012
T4282300,INDUSTRY.01_2014,"TYPE OF BUSINESS OR INDUSTRY (CENSUS 4 DIGIT, 00 CODES) (ALL) JOB #01",INDALL-EMP.01,2014
T5256400,INDUSTRY.01_2016,"TYPE OF BUSINESS OR INDUSTRY (CENSUS 4 DIGIT, 00 CODES) (ALL) JOB #01",INDALL-EMP.01,2016
R0090100,INDUSTRY.02_1979,"TYPE OF BUSINESS OR INDUSTRY (CENSUS 3 DIGIT, 70 CODES) JOB #02",INDALL-EMP.02,1979
R0349900,INDUSTRY.02_1980,"TYPE OF BUSINESS OR INDUSTRY (CENSUS 3 DIGIT, 70 CODES) JOB #02",INDALL-EMP.02,1980
R0559200,INDUSTRY.02_1981,"TYPE OF BUSINESS OR INDUSTRY (CENSUS 3 DIGIT, 70 CODES) JOB #02",INDALL-EMP.02,1981
R0853700,INDUSTRY.02_1982,"TYPE OF BUSINESS OR INDUSTRY (CENSUS 3 DIGIT, 70 CODES) JOB #02",INDALL-EMP.02,1982
R1101000,INDUSTRY.02_1983,"TYPE OF BUSINESS OR INDUSTRY (CENSUS 3 DIGIT, 70 CODES) JOB #02",INDALL-EMP.02,1983
R1476600,INDUSTRY.02_1984,"TYPE OF BUSINESS OR INDUSTRY (CENSUS 3 DIGIT, 70 CODES) JOB #02",INDALL-EMP.02,1984
R1823000,INDUSTRY.02_1985,"TYPE OF BUSINESS OR INDUSTRY (CENSUS 3 DIGIT, 70 CODES) JOB #02",INDALL-EMP.02,1985
R2185600,INDUSTRY.02_1986,"TYPE OF BUSINESS OR INDUSTRY (CENSUS 3 DIGIT, 70 CODES) JOB #02",INDALL-EMP.02,1986
R2388100,INDUSTRY.02_1987,"TYPE OF BUSINESS OR INDUSTRY (CENSUS 3 DIGIT, 70 CODES) JOB #02",INDALL-EMP.02,1987
R2784500,INDUSTRY.02_1988,"TYPE OF BUSINESS OR INDUSTRY (CENSUS 3 DIGIT, 70 CODES) JOB #02",INDALL-EMP.02,1988
R3026500,INDUSTRY.02_1989,"TYPE OF BUSINESS OR INDUSTRY (CENSUS 3 DIGIT, 70 CODES) JOB #02",INDALL-EMP.02,1989
R3354800,INDUSTRY.02_1990,"TYPE OF BUSINESS OR INDUSTRY (CENSUS 3 DIGIT, 70 CODES) JOB #02",INDALL-EMP.02,1990
R3617200,INDUSTRY.02_1991,"TYPE OF BUSINESS OR INDUSTRY (CENSUS 3 DIGIT, 70 CODES) JOB #02",INDALL-EMP.02,1991
R3967500,INDUSTRY.02_1992,"TYPE OF BUSINESS OR INDUSTRY (CENSUS 3 DIGIT, 70 CODES) JOB #02",INDALL-EMP.02,1992
R4206200,INDUSTRY.02_1993,TYPE OF BUSINESS OR INDUSTRY (CENSUS 3 DIGIT) JOB #02,INDALL-EMP.02,1993
R4631901,INDUSTRY.02_1994,"TYPE OF BUSINESS OR INDUSTRY (CENSUS 3 DIGIT, 70 CODES) (ALL) JOB #02",INDALL-EMP.02,1994
R5310800,INDUSTRY.02_1996,"TYPE OF BUSINESS OR INDUSTRY (CENSUS 3 DIGIT, 70 CODES) (ALL) JOB #02",INDALL-EMP.02,1996
R6472200,INDUSTRY.02_1998,"TYPE OF BUSINESS OR INDUSTRY (CENSUS 3 DIGIT, 70 CODES) (ALL) JOB #02",INDALL-EMP.02,1998
R6591400,INDUSTRY.02_2000,"TYPE OF BUSINESS OR INDUSTRY (CENSUS 3 DIGIT, 70 CODES) (ALL) JOB #02",INDALL-EMP.02,2000
R7209200,INDUSTRY.02_2002,"TYPE OF BUSINESS OR INDUSTRY (CENSUS 3 DIGIT, 00 CODES) (ALL) JOB #02",INDALL-EMP.02,2002
R7897600,INDUSTRY.02_2004,"TYPE OF BUSINESS OR INDUSTRY (CENSUS 4 DIGIT, 00 NAICS-BASED CODES) (ALL) JOB #02",INDALL-EMP.02,2004
T0138000,INDUSTRY.02_2006,"TYPE OF BUSINESS OR INDUSTRY (CENSUS 4 DIGIT, 00 NAICS-BASED CODES) (ALL) JOB #02",INDALL-EMP.02,2006
T1297600,INDUSTRY.02_2008,"TYPE OF BUSINESS OR INDUSTRY (CENSUS 4 DIGIT, 00 CODES) (ALL) JOB #02",INDALL-EMP.02,2008
T2326100,INDUSTRY.02_2010,"TYPE OF BUSINESS OR INDUSTRY (CENSUS 4 DIGIT, 00 CODES) (ALL) JOB #02",INDALL-EMP.02,2010
T3308300,INDUSTRY.02_2012,"TYPE OF BUSINESS OR INDUSTRY (CENSUS 4 DIGIT, 00 CODES) (ALL) JOB #02",INDALL-EMP.02,2012
T4282400,INDUSTRY.02_2014,"TYPE OF BUSINESS OR INDUSTRY (CENSUS 4 DIGIT, 00 CODES) (ALL) JOB #02",INDALL-EMP.02,2014
T5256500,INDUSTRY.02_2016,"TYPE OF BUSINESS OR INDUSTRY (CENSUS 4 DIGIT, 00 CODES) (ALL) JOB #02",INDALL-EMP.02,2016
R0090200,INDUSTRY.03_1979,TYPE OF BUSINESS OR INDUSTRY (CENSUS 3 DIGIT 70 CODES) JOB #03,INDALL-EMP.03,1979
R0361400,INDUSTRY.03_1980,"TYPE OF BUSINESS OR INDUSTRY (CENSUS 3 DIGIT, 70 CODES) JOB #03",INDALL-EMP.03,1980
R0572300,INDUSTRY.03_1981,"TYPE OF BUSINESS OR INDUSTRY (CENSUS 3 DIGIT, 70 CODES) JOB #03",INDALL-EMP.03,1981
R0866800,INDUSTRY.03_1982,"TYPE OF BUSINESS OR INDUSTRY (CENSUS 3 DIGIT, 70 CODES) JOB #03",INDALL-EMP.03,1982
R1114200,INDUSTRY.03_1983,"TYPE OF BUSINESS OR INDUSTRY (CENSUS 3 DIGIT, 70 CODES) JOB #03",INDALL-EMP.03,1983
R1489700,INDUSTRY.03_1984,"TYPE OF BUSINESS OR INDUSTRY (CENSUS 3 DIGIT, 70 CODES) JOB #03",INDALL-EMP.03,1984
R1835700,INDUSTRY.03_1985,"TYPE OF BUSINESS OR INDUSTRY (CENSUS 3 DIGIT, 70 CODES) JOB #03",INDALL-EMP.03,1985
R2199200,INDUSTRY.03_1986,"TYPE OF BUSINESS OR INDUSTRY (CENSUS 3 DIGIT, 70 CODES) JOB #03",INDALL-EMP.03,1986
R2399400,INDUSTRY.03_1987,"TYPE OF BUSINESS OR INDUSTRY (CENSUS 3 DIGIT, 70 CODES) JOB #03",INDALL-EMP.03,1987
R2797400,INDUSTRY.03_1988,"TYPE OF BUSINESS OR INDUSTRY (CENSUS 3 DIGIT, 70 CODES) JOB #03",INDALL-EMP.03,1988
R3039600,INDUSTRY.03_1989,"TYPE OF BUSINESS OR INDUSTRY (CENSUS 3 DIGIT, 70 CODES) JOB #03",INDALL-EMP.03,1989
R3368800,INDUSTRY.03_1990,"TYPE OF BUSINESS OR INDUSTRY (CENSUS 3 DIGIT, 70 CODES) JOB #03",INDALL-EMP.03,1990
R3629300,INDUSTRY.03_1991,"TYPE OF BUSINESS OR INDUSTRY (CENSUS 3 DIGIT, 70 CODES) JOB #03",INDALL-EMP.03,1991
R3979700,INDUSTRY.03_1992,"TYPE OF BUSINESS OR INDUSTRY (CENSUS 3 DIGIT, 70 CODES) JOB #03",INDALL-EMP.03,1992
R4213400,INDUSTRY.03_1993,TYPE OF BUSINESS OR INDUSTRY (CENSUS 3 DIGIT) JOB #03,INDALL-EMP.03,1993
R4675901,INDUSTRY.03_1994,"TYPE OF BUSINESS OR INDUSTRY (CENSUS 3 DIGIT, 70 CODES) (ALL) JOB #03",INDALL-EMP.03,1994
R5349800,INDUSTRY.03_1996,"TYPE OF BUSINESS OR INDUSTRY (CENSUS 3 DIGIT, 70 CODES) (ALL) JOB #03",INDALL-EMP.03,1996
R6472300,INDUSTRY.03_1998,"TYPE OF BUSINESS OR INDUSTRY (CENSUS 3 DIGIT, 70 CODES) (ALL) JOB #03",INDALL-EMP.03,1998
R6591500,INDUSTRY.03_2000,"TYPE OF BUSINESS OR INDUSTRY (CENSUS 3 DIGIT, 70 CODES) (ALL) JOB #03",INDALL-EMP.03,2000
R7209300,INDUSTRY.03_2002,"TYPE OF BUSINESS OR INDUSTRY (CENSUS 3 DIGIT, 00 CODES) (ALL) JOB #03",INDALL-EMP.03,2002
R7897700,INDUSTRY.03_2004,"TYPE OF BUSINESS OR INDUSTRY (CENSUS 4 DIGIT, 00 NAICS-BASED CODES) (ALL) JOB #03",INDALL-EMP.03,2004
T0138100,INDUSTRY.03_2006,"TYPE OF BUSINESS OR INDUSTRY (CENSUS 4 DIGIT, 00 NAICS-BASED CODES) (ALL) JOB #03",INDALL-EMP.03,2006
T1297700,INDUSTRY.03_2008,"TYPE OF BUSINESS OR INDUSTRY (CENSUS 4 DIGIT, 00 CODES) (ALL) JOB #03",INDALL-EMP.03,2008
T2326200,INDUSTRY.03_2010,"TYPE OF BUSINESS OR INDUSTRY (CENSUS 4 DIGIT, 00 CODES) (ALL) JOB #03",INDALL-EMP.03,2010
T3308400,INDUSTRY.03_2012,"TYPE OF BUSINESS OR INDUSTRY (CENSUS 4 DIGIT, 00 CODES) (ALL) JOB #03",INDALL-EMP.03,2012
T4282500,INDUSTRY.03_2014,"TYPE OF BUSINESS OR INDUSTRY (CENSUS 4 DIGIT, 00 CODES) (ALL) JOB #03",INDALL-EMP.03,2014
T5256600,INDUSTRY.03_2016,"TYPE OF BUSINESS OR INDUSTRY (CENSUS 4 DIGIT, 00 CODES) (ALL) JOB #03",INDALL-EMP.03,2016
R0090300,INDUSTRY.04_1979,"TYPE OF BUSINESS OR INDUSTRY (CENSUS 3 DIGIT, 70 CODES) JOB #04",INDALL-EMP.04,1979
R0372900,INDUSTRY.04_1980,"TYPE OF BUSINESS OR INDUSTRY (CENSUS 3 DIGIT, 70 CODES) JOB #04",INDALL-EMP.04,1980
R0585400,INDUSTRY.04_1981,"TYPE OF BUSINESS OR INDUSTRY (CENSUS 3 DIGIT, 70 CODES) JOB #04",INDALL-EMP.04,1981
R0879900,INDUSTRY.04_1982,"TYPE OF BUSINESS OR INDUSTRY (CENSUS 3 DIGIT, 70 CODES) JOB #04",INDALL-EMP.04,1982
R1127400,INDUSTRY.04_1983,"TYPE OF BUSINESS OR INDUSTRY (CENSUS 3 DIGIT, 70 CODES) JOB #04",INDALL-EMP.04,1983
R1502800,INDUSTRY.04_1984,"TYPE OF BUSINESS OR INDUSTRY (CENSUS 3 DIGIT, 70 CODES) JOB #04",INDALL-EMP.04,1984
R1848400,INDUSTRY.04_1985,"TYPE OF BUSINESS OR INDUSTRY (CENSUS 3 DIGIT, 70 CODES) JOB #04",INDALL-EMP.04,1985
R2212800,INDUSTRY.04_1986,"TYPE OF BUSINESS OR INDUSTRY (CENSUS 3 DIGIT, 70 CODES) JOB #04",INDALL-EMP.04,1986
R2410700,INDUSTRY.04_1987,"TYPE OF BUSINESS OR INDUSTRY (CENSUS 3 DIGIT, 70 CODES) JOB #04",INDALL-EMP.04,1987
R2810300,INDUSTRY.04_1988,"TYPE OF BUSINESS OR INDUSTRY (CENSUS 3 DIGIT, 70 CODES) JOB #04",INDALL-EMP.04,1988
R3052700,INDUSTRY.04_1989,"TYPE OF BUSINESS OR INDUSTRY (CENSUS 3 DIGIT, 70 CODES) JOB #04",INDALL-EMP.04,1989
R3382800,INDUSTRY.04_1990,"TYPE OF BUSINESS OR INDUSTRY (CENSUS 3 DIGIT, 70 CODES) JOB #04",INDALL-EMP.04,1990
R3641400,INDUSTRY.04_1991,"TYPE OF BUSINESS OR INDUSTRY (CENSUS 3 DIGIT, 70 CODES) JOB #04",INDALL-EMP.04,1991
R3991900,INDUSTRY.04_1992,"TYPE OF BUSINESS OR INDUSTRY (CENSUS 3 DIGIT, 70 CODES) JOB #04",INDALL-EMP.04,1992
R4221000,INDUSTRY.04_1993,TYPE OF BUSINESS OR INDUSTRY (CENSUS 3 DIGIT) JOB #04,INDALL-EMP.04,1993
R4715201,INDUSTRY.04_1994,"TYPE OF BUSINESS OR INDUSTRY (CENSUS 3 DIGIT, 70 CODES) (ALL) JOB #04",INDALL-EMP.04,1994
R5386900,INDUSTRY.04_1996,"TYPE OF BUSINESS OR INDUSTRY (CENSUS 3 DIGIT, 70 CODES) (ALL) JOB #04",INDALL-EMP.04,1996
R6472400,INDUSTRY.04_1998,"TYPE OF BUSINESS OR INDUSTRY (CENSUS 3 DIGIT, 70 CODES) (ALL) JOB #04",INDALL-EMP.04,1998
R6591600,INDUSTRY.04_2000,"TYPE OF BUSINESS OR INDUSTRY (CENSUS 3 DIGIT, 70 CODES) (ALL) JOB #04",INDALL-EMP.04,2000
R7209400,INDUSTRY.04_2002,"TYPE OF BUSINESS OR INDUSTRY (CENSUS 3 DIGIT, 00 CODES) (ALL) JOB #04",INDALL-EMP.04,2002
R7897800,INDUSTRY.04_2004,"TYPE OF BUSINESS OR INDUSTRY (CENSUS 4 DIGIT, 00 NAICS-BASED CODES) (ALL) JOB #04",INDALL-EMP.04,2004
T0138200,INDUSTRY.04_2006,"TYPE OF BUSINESS OR INDUSTRY (CENSUS 4 DIGIT, 00 NAICS-BASED CODES) (ALL) JOB #04",INDALL-EMP.04,2006
T1297800,INDUSTRY.04_2008,"TYPE OF BUSINESS OR INDUSTRY (CENSUS 4 DIGIT, 00 CODES) (ALL) JOB #04",INDALL-EMP.04,2008
T2326300,INDUSTRY.04_2010,"TYPE OF BUSINESS OR INDUSTRY (CENSUS 4 DIGIT, 00 CODES) (ALL) JOB #04",INDALL-EMP.04,2010
T3308500,INDUSTRY.04_2012,"TYPE OF BUSINESS OR INDUSTRY (CENSUS 4 DIGIT, 00 CODES) (ALL) JOB #04",INDALL-EMP.04,2012
T4282600,INDUSTRY.04_2014,"TYPE OF BUSINESS OR INDUSTRY (CENSUS 4 DIGIT, 00 CODES) (ALL) JOB #04",INDALL-EMP.04,2014
T5256700,INDUSTRY.04_2016,"TYPE OF BUSINESS OR INDUSTRY (CENSUS 4 DIGIT, 00 CODES) (ALL) JOB #04",INDALL-EMP.04,2016
R0090400,INDUSTRY.05_1979,"TYPE OF BUSINESS OR INDUSTRY (CENSUS 3 DIGIT, 70 CODES) JOB #05",INDALL-EMP.05,1979
R0384400,INDUSTRY.05_1980,"TYPE OF BUSINESS OR INDUSTRY (CENSUS 3 DIGIT, 70 CODES) JOB #05",INDALL-EMP.05,1980
R0598500,INDUSTRY.05_1981,"TYPE OF BUSINESS OR INDUSTRY (CENSUS 3 DIGIT, 70 CODES) JOB #05",INDALL-EMP.05,1981
R0893000,INDUSTRY.05_1982,"TYPE OF BUSINESS OR INDUSTRY (CENSUS 3 DIGIT, 70 CODES) JOB #05",INDALL-EMP.05,1982
R1140600,INDUSTRY.05_1983,"TYPE OF BUSINESS OR INDUSTRY (CENSUS 3 DIGIT, 70 CODES) JOB #05",INDALL-EMP.05,1983
R1515900,INDUSTRY.05_1984,"TYPE OF BUSINESS OR INDUSTRY (CENSUS 3 DIGIT, 70 CODES) JOB #05",INDALL-EMP.05,1984
R1861100,INDUSTRY.05_1985,"TYPE OF BUSINESS OR INDUSTRY (CENSUS 3 DIGIT, 70 CODES) JOB #05",INDALL-EMP.05,1985
R2226400,INDUSTRY.05_1986,"TYPE OF BUSINESS OR INDUSTRY (CENSUS 3 DIGIT, 70 CODES) JOB #05",INDALL-EMP.05,1986
R2422000,INDUSTRY.05_1987,"TYPE OF BUSINESS OR INDUSTRY (CENSUS 3 DIGIT, 70 CODES) JOB #05",INDALL-EMP.05,1987
R2823200,INDUSTRY.05_1988,"TYPE OF BUSINESS OR INDUSTRY (CENSUS 3 DIGIT, 70 CODES) JOB #05",INDALL-EMP.05,1988
R3065800,INDUSTRY.05_1989,"TYPE OF BUSINESS OR INDUSTRY (CENSUS 3 DIGIT, 70 CODES) JOB #05",INDALL-EMP.05,1989
R3396800,INDUSTRY.05_1990,"TYPE OF BUSINESS OR INDUSTRY (CENSUS 3 DIGIT, 70 CODES) JOB #05",INDALL-EMP.05,1990
R3653500,INDUSTRY.05_1991,"TYPE OF BUSINESS OR INDUSTRY (CENSUS 3 DIGIT, 70 CODES) JOB #05",INDALL-EMP.05,1991
R4004100,INDUSTRY.05_1992,"TYPE OF BUSINESS OR INDUSTRY (CENSUS 3 DIGIT, 70 CODES) JOB #05",INDALL-EMP.05,1992
R4228400,INDUSTRY.05_1993,TYPE OF BUSINESS OR INDUSTRY (CENSUS 3 DIGIT) JOB #05,INDALL-EMP.05,1993
R4749401,INDUSTRY.05_1994,"TYPE OF BUSINESS OR INDUSTRY (CENSUS 3 DIGIT, 70 CODES) (ALL) JOB #05",INDALL-EMP.05,1994
R5421400,INDUSTRY.05_1996,"TYPE OF BUSINESS OR INDUSTRY (CENSUS 3 DIGIT, 70 CODES) (ALL) JOB #05",INDALL-EMP.05,1996
R6472500,INDUSTRY.05_1998,"TYPE OF BUSINESS OR INDUSTRY (CENSUS 3 DIGIT, 70 CODES) (ALL) JOB #05",INDALL-EMP.05,1998
R6591700,INDUSTRY.05_2000,"TYPE OF BUSINESS OR INDUSTRY (CENSUS 3 DIGIT, 70 CODES) (ALL) JOB #05",INDALL-EMP.05,2000
R7209500,INDUSTRY.05_2002,"TYPE OF BUSINESS OR INDUSTRY (CENSUS 3 DIGIT, 00 CODES) (ALL) JOB #05",INDALL-EMP.05,2002
R7897900,INDUSTRY.05_2004,"TYPE OF BUSINESS OR INDUSTRY (CENSUS 4 DIGIT, 00 NAICS-BASED CODES) (ALL) JOB #05",INDALL-EMP.05,2004
T0138300,INDUSTRY.05_2006,"TYPE OF BUSINESS OR INDUSTRY (CENSUS 4 DIGIT, 00 NAICS-BASED CODES) (ALL) JOB #05",INDALL-EMP.05,2006
T1297900,INDUSTRY.05_2008,"TYPE OF BUSINESS OR INDUSTRY (CENSUS 4 DIGIT, 00 CODES) (ALL) JOB #05",INDALL-EMP.05,2008
T2326400,INDUSTRY.05_2010,"TYPE OF BUSINESS OR INDUSTRY (CENSUS 4 DIGIT, 00 CODES) (ALL) JOB #05",INDALL-EMP.05,2010
T3308600,INDUSTRY.05_2012,"TYPE OF BUSINESS OR INDUSTRY (CENSUS 4 DIGIT, 00 CODES) (ALL) JOB #05",INDALL-EMP.05,2012
T4282700,INDUSTRY.05_2014,"TYPE OF BUSINESS OR INDUSTRY (CENSUS 4 DIGIT, 00 CODES) (ALL) JOB #05",INDALL-EMP.05,2014
T5256800,INDUSTRY.05_2016,"TYPE OF BUSINESS OR INDUSTRY (CENSUS 4 DIGIT, 00 CODES) (ALL) JOB #05",INDALL-EMP.05,2016
R0050800,JOB_SATISFACTION_GLOBAL_1979,"GLOBAL JOB SATISFACTION, CURRENT JOB/MOST RECENT JOB",CPS-QES-89,1979
R0267800,JOB_SATISFACTION_GLOBAL_1980,"GLOBAL JOB SATISFACTION, CURRENT JOB/MOST RECENT JOB",CPS-QES-89,1980
R0449200,JOB_SATISFACTION_GLOBAL_1981,"GLOBAL JOB SATISFACTION, CURRENT JOB/MOST RECENT JOB",CPS-QES-89,1981
R0706500,JOB_SATISFACTION_GLOBAL_1982,"GLOBAL JOB SATISFACTION, CURRENT JOB/MOST RECENT JOB",CPS-QES-89,1982
R0946500,JOB_SATISFACTION_GLOBAL_1983,"GLOBAL JOB SATISFACTION, CURRENT JOB/MOST RECENT JOB",CPS-QES-89,1983
R1256900,JOB_SATISFACTION_GLOBAL_1984,"GLOBAL JOB SATISFACTION, CURRENT JOB/MOST RECENT JOB",CPS-QES-89,1984
R1652000,JOB_SATISFACTION_GLOBAL_1985,"GLOBAL JOB SATISFACTION, CURRENT JOB/MOST RECENT JOB",CPS-QES-89,1985
R1925100,JOB_SATISFACTION_GLOBAL_1986,"GLOBAL JOB SATISFACTION, CURRENT JOB/MOST RECENT JOB",CPS-QES-89,1986
R2319900,JOB_SATISFACTION_GLOBAL_1987,"GLOBAL JOB SATISFACTION, CURRENT JOB/MOST RECENT JOB",CPS-QES-89,1987
R2532900,JOB_SATISFACTION_GLOBAL_1988,"GLOBAL JOB SATISFACTION, CURRENT JOB/MOST RECENT JOB",CPS-QES-89,1988
R2930500,JOB_SATISFACTION_GLOBAL_1989,"GLOBAL JOB SATISFACTION, CURRENT JOB/MOST RECENT JOB",CPS-QES-89,1989
R3136600,JOB_SATISFACTION_GLOBAL_1990,"GLOBAL JOB SATISFACTION, CURRENT JOB/MOST RECENT JOB",CPS-QES-89,1990
R3527000,JOB_SATISFACTION_GLOBAL_1991,"GLOBAL JOB SATISFACTION, CURRENT JOB/MOST RECENT JOB",CPS-QES-89,1991
R3732100,JOB_SATISFACTION_GLOBAL_1992,"GLOBAL JOB SATISFACTION, CURRENT JOB/MOST RECENT JOB",CPS-QES-89,1992
R4187200,JOB_SATISFACTION_GLOBAL_1993,"GLOBAL JOB SATISFACTION, CURRENT JOB/MOST RECENT JOB",CPS-QES-89,1993
R4616000,JOB_SATISFACTION.01_1994,GLOBAL JOB SATISFACTION JOB #01,QES-89.01,1994
R5298100,JOB_SATISFACTION.01_1996,GLOBAL JOB SATISFACTION JOB #01,QES-89.01,1996
R6136500,JOB_SATISFACTION.01_1998,GLOBAL JOB SATISFACTION JOB #01,QES-89.01,1998
R6690400,JOB_SATISFACTION.01_2000,GLOBAL JOB SATISFACTION JOB #01,QES-89.01,2000
R7351100,JOB_SATISFACTION.01_2002,GLOBAL JOB SATISFACTION JOB #01,QES-89.01,2002
R8044100,JOB_SATISFACTION.01_2004,GLOBAL JOB SATISFACTION JOB #01,QES-89.01,2004
T0277600,JOB_SATISFACTION.01_2006,GLOBAL JOB SATISFACTION JOB #01,QES-89.01,2006
T1427900,JOB_SATISFACTION.01_2008,GLOBAL JOB SATISFACTION JOB #01,QES-89.01,2008
T2451100,JOB_SATISFACTION.01_2010,GLOBAL JOB SATISFACTION JOB # 01,QES-89.01,2010
T3440400,JOB_SATISFACTION.01_2012,GLOBAL JOB SATISFACTION JOB # 01,QES-89.01,2012
T4414200,JOB_SATISFACTION.01_2014,GLOBAL JOB SATISFACTION JOB # 01,QES-89.01,2014
T5398700,JOB_SATISFACTION.01_2016,GLOBAL JOB SATISFACTION JOB # 01,QES-89.01,2016
R4659300,JOB_SATISFACTION.02_1994,GLOBAL JOB SATISFACTION JOB #02,QES-89.02,1994
R5337700,JOB_SATISFACTION.02_1996,GLOBAL JOB SATISFACTION JOB #02,QES-89.02,1996
R6136600,JOB_SATISFACTION.02_1998,GLOBAL JOB SATISFACTION JOB #02,QES-89.02,1998
R6690500,JOB_SATISFACTION.02_2000,GLOBAL JOB SATISFACTION JOB #02,QES-89.02,2000
R7351200,JOB_SATISFACTION.02_2002,GLOBAL JOB SATISFACTION JOB #02,QES-89.02,2002
R8044200,JOB_SATISFACTION.02_2004,GLOBAL JOB SATISFACTION JOB #02,QES-89.02,2004
T0277700,JOB_SATISFACTION.02_2006,GLOBAL JOB SATISFACTION JOB #02,QES-89.02,2006
T1428000,JOB_SATISFACTION.02_2008,GLOBAL JOB SATISFACTION JOB #02,QES-89.02,2008
T2451200,JOB_SATISFACTION.02_2010,GLOBAL JOB SATISFACTION JOB # 02,QES-89.02,2010
T3440500,JOB_SATISFACTION.02_2012,GLOBAL JOB SATISFACTION JOB # 02,QES-89.02,2012
T4414300,JOB_SATISFACTION.02_2014,GLOBAL JOB SATISFACTION JOB # 02,QES-89.02,2014
T5398800,JOB_SATISFACTION.02_2016,GLOBAL JOB SATISFACTION JOB # 02,QES-89.02,2016
R4701000,JOB_SATISFACTION.03_1994,GLOBAL JOB SATISFACTION JOB #03,QES-89.03,1994
R5375600,JOB_SATISFACTION.03_1996,GLOBAL JOB SATISFACTION JOB #03,QES-89.03,1996
R6136700,JOB_SATISFACTION.03_1998,GLOBAL JOB SATISFACTION JOB #03,QES-89.03,1998
R6690600,JOB_SATISFACTION.03_2000,GLOBAL JOB SATISFACTION JOB #03,QES-89.03,2000
R7351300,JOB_SATISFACTION.03_2002,GLOBAL JOB SATISFACTION JOB #03,QES-89.03,2002
R8044300,JOB_SATISFACTION.03_2004,GLOBAL JOB SATISFACTION JOB #03,QES-89.03,2004
T0277800,JOB_SATISFACTION.03_2006,GLOBAL JOB SATISFACTION JOB #03,QES-89.03,2006
T1428100,JOB_SATISFACTION.03_2008,GLOBAL JOB SATISFACTION JOB #03,QES-89.03,2008
T2451300,JOB_SATISFACTION.03_2010,GLOBAL JOB SATISFACTION JOB # 03,QES-89.03,2010
T3440600,JOB_SATISFACTION.03_2012,GLOBAL JOB SATISFACTION JOB # 03,QES-89.03,2012
T4414400,JOB_SATISFACTION.03_2014,GLOBAL JOB SATISFACTION JOB # 03,QES-89.03,2014
T5398900,JOB_SATISFACTION.03_2016,GLOBAL JOB SATISFACTION JOB # 03,QES-89.03,2016
R4736000,JOB_SATISFACTION.04_1994,GLOBAL JOB SATISFACTION JOB #04,QES-89.04,1994
R5410600,JOB_SATISFACTION.04_1996,GLOBAL JOB SATISFACTION JOB #04,QES-89.04,1996
R6136800,JOB_SATISFACTION.04_1998,GLOBAL JOB SATISFACTION JOB #04,QES-89.04,1998
R6690700,JOB_SATISFACTION.04_2000,GLOBAL JOB SATISFACTION JOB #04,QES-89.04,2000
R7351400,JOB_SATISFACTION.04_2002,GLOBAL JOB SATISFACTION JOB #04,QES-89.04,2002
R8044400,JOB_SATISFACTION.04_2004,GLOBAL JOB SATISFACTION JOB #04,QES-89.04,2004
T0277900,JOB_SATISFACTION.04_2006,GLOBAL JOB SATISFACTION JOB #04,QES-89.04,2006
T1428200,JOB_SATISFACTION.04_2008,GLOBAL JOB SATISFACTION JOB #04,QES-89.04,2008
T2451400,JOB_SATISFACTION.04_2010,GLOBAL JOB SATISFACTION JOB # 04,QES-89.04,2010
T3440700,JOB_SATISFACTION.04_2012,GLOBAL JOB SATISFACTION JOB # 04,QES-89.04,2012
T4414500,JOB_SATISFACTION.04_2014,GLOBAL JOB SATISFACTION JOB # 04,QES-89.04,2014
T5399000,JOB_SATISFACTION.04_2016,GLOBAL JOB SATISFACTION JOB # 04,QES-89.04,2016
R4767600,JOB_SATISFACTION.05_1994,GLOBAL JOB SATISFACTION JOB #05,QES-89.05,1994
R5445500,JOB_SATISFACTION.05_1996,GLOBAL JOB SATISFACTION JOB #05,QES-89.05,1996
R6136900,JOB_SATISFACTION.05_1998,GLOBAL JOB SATISFACTION JOB #05,QES-89.05,1998
R6690800,JOB_SATISFACTION.05_2000,GLOBAL JOB SATISFACTION JOB #05,QES-89.05,2000
R7351500,JOB_SATISFACTION.05_2002,GLOBAL JOB SATISFACTION JOB #05,QES-89.05,2002
R8044500,JOB_SATISFACTION.05_2004,GLOBAL JOB SATISFACTION JOB #05,QES-89.05,2004
T0278000,JOB_SATISFACTION.05_2006,GLOBAL JOB SATISFACTION JOB #05,QES-89.05,2006
T1428300,JOB_SATISFACTION.05_2008,GLOBAL JOB SATISFACTION JOB #05,QES-89.05,2008
T2451500,JOB_SATISFACTION.05_2010,GLOBAL JOB SATISFACTION JOB # 05,QES-89.05,2010
T3440800,JOB_SATISFACTION.05_2012,GLOBAL JOB SATISFACTION JOB # 05,QES-89.05,2012
T4414600,JOB_SATISFACTION.05_2014,GLOBAL JOB SATISFACTION JOB # 05,QES-89.05,2014
T5399100,JOB_SATISFACTION.05_2016,GLOBAL JOB SATISFACTION JOB # 05,QES-89.05,2016
R0248200,MILITARY_PAY_1980,MILITARY PAY GRADE,Q4-5,1980
R0436300,MILITARY_PAY_1981,MILITARY PAY GRADE,Q4-5,1981
R0686300,MILITARY_PAY_1982,MILITARY PAY GRADE,Q4-5,1982
R0928100,MILITARY_PAY_1983,MILITARY PAY GRADE,Q4-5,1983
R1228100,MILITARY_PAY_1984,MILITARY PAY GRADE,Q4-5,1984
R1624600,MILITARY_PAY_1985,MILITARY PAY GRADE,Q4-5,1985
R1911600,MILITARY_PAY_1986,MILITARY PAY GRADE,Q4-5,1986
R2307600,MILITARY_PAY_1987,MILITARY PAY GRADE,Q4-5,1987
R2515500,MILITARY_PAY_1988,MILITARY PAY GRADE,Q4-5,1988
R2914400,MILITARY_PAY_1989,MILITARY PAY GRADE,Q4-5,1989
R3116600,MILITARY_PAY_1990,MILITARY PAY GRADE,Q4-5,1990
R3512000,MILITARY_PAY_1991,MILITARY PAY GRADE,Q4-5,1991
R3716900,MILITARY_PAY_1992,MILITARY PAY GRADE,Q4-5,1992
R4145000,MILITARY_PAY_1993,MILITARY PAY GRADE,Q4-5,1993
R4533000,MILITARY_PAY_1994,MILITARY PAY GRADE,Q4-5,1994
R5228100,MILITARY_PAY_1996,CURRENT MILITARY PAY GRADE,Q4-5,1996
R5827500,MILITARY_PAY_1998,MILITARY PAY GRADE,Q4-5,1998
R6546400,MILITARY_PAY_2000,MILITARY PAY GRADE,Q4-5,2000
R7109600,MILITARY_PAY_2002,MILITARY PAY GRADE,Q4-5,2002
R7816200,MILITARY_PAY_2004,MILITARY PAY GRADE,Q4-5,2004
T0020300,MILITARY_PAY_2006,MILITARY PAY GRADE,Q4-5,2006
T1220600,MILITARY_PAY_2008,MILITARY PAY GRADE,Q4-5,2008
T2278000,MILITARY_PAY_2010,MILITARY PAY GRADE,Q4-5,2010
T3219300,MILITARY_PAY_2012,MILITARY PAY GRADE,Q4-5,2012
T4208800,MILITARY_PAY_2014,MILITARY PAY GRADE,Q4-5,2014
T5182500,MILITARY_PAY_2016,MILITARY PAY GRADE,Q4-5,2016
R0217900,NET_FAMILY_INCOME_1979,TOTAL NET FAMILY INCOME IN PAST CALENDAR YEAR *KEY* (TRUNCATED),TNFI_TRUNC,1979
R0406010,NET_FAMILY_INCOME_1980,TOTAL NET FAMILY INCOME IN PAST CALENDAR YEAR *KEY* (TRUNCATED),TNFI_TRUNC,1980
R0618410,NET_FAMILY_INCOME_1981,TOTAL NET FAMILY INCOME IN PAST CALENDAR YEAR *KEY* (TRUNCATED),TNFI_TRUNC,1981
R0898600,NET_FAMILY_INCOME_1982,TOTAL NET FAMILY INCOME IN PAST CALENDAR YEAR *KEY* (TRUNCATED),TNFI_TRUNC,1982
R1144500,NET_FAMILY_INCOME_1983,TOTAL NET FAMILY INCOME IN PAST CALENDAR YEAR *KEY* (TRUNCATED),TNFI_TRUNC,1983
R1519700,NET_FAMILY_INCOME_1984,TOTAL NET FAMILY INCOME IN PAST CALENDAR YEAR *KEY* (TRUNCATED),TNFI_TRUNC,1984
R1890400,NET_FAMILY_INCOME_1985,TOTAL NET FAMILY INCOME IN PAST CALENDAR YEAR *KEY* (TRUNCATED),TNFI_TRUNC,1985
R2257500,NET_FAMILY_INCOME_1986,TOTAL NET FAMILY INCOME IN PAST CALENDAR YEAR *KEY* (TRUNCATED),TNFI_TRUNC,1986
R2444700,NET_FAMILY_INCOME_1987,TOTAL NET FAMILY INCOME IN PAST CALENDAR YEAR *KEY* (TRUNCATED),TNFI_TRUNC,1987
R2870200,NET_FAMILY_INCOME_1988,TOTAL NET FAMILY INCOME IN PAST CALENDAR YEAR *KEY* (TRUNCATED),TNFI_TRUNC,1988
R3074000,NET_FAMILY_INCOME_1989,TOTAL NET FAMILY INCOME IN PAST CALENDAR YEAR *KEY* (TRUNCATED),TNFI_TRUNC,1989
R3400700,NET_FAMILY_INCOME_1990,TOTAL NET FAMILY INCOME IN PAST CALENDAR YEAR *KEY* (TRUNCATED),TNFI_TRUNC,1990
R3656100,NET_FAMILY_INCOME_1991,TOTAL NET FAMILY INCOME IN PAST CALENDAR YEAR *KEY* (TRUNCATED),TNFI_TRUNC,1991
R4006600,NET_FAMILY_INCOME_1992,TOTAL NET FAMILY INCOME IN PAST CALENDAR YEAR *KEY* (TRUNCATED),TNFI_TRUNC,1992
R4417700,NET_FAMILY_INCOME_1993,TOTAL NET FAMILY INCOME IN PAST CALENDAR YEAR *KEY* (TRUNCATED),TNFI_TRUNC,1993
R5080700,NET_FAMILY_INCOME_1994,TOTAL NET FAMILY INCOME IN PAST CALENDAR YEAR *KEY* (TRUNCATED),TNFI_TRUNC,1994
R5166000,NET_FAMILY_INCOME_1996,TOTAL NET FAMILY INCOME IN PAST CALENDAR YEAR *KEY* (TRUNCATED),TNFI_TRUNC,1996
R6478700,NET_FAMILY_INCOME_1998,TOTAL NET FAMILY INCOME IN PAST CALENDAR YEAR *KEY* (TRUNCATED),TNFI_TRUNC,1998
R7006500,NET_FAMILY_INCOME_2000,TOTAL NET FAMILY INCOME IN PAST CALENDAR YEAR *KEY* (TRUNCATED),TNFI_TRUNC,2000
R7703700,NET_FAMILY_INCOME_2002,TOTAL NET FAMILY INCOME IN PAST CALENDAR YEAR *KEY* (TRUNCATED),TNFI_TRUNC,2002
R8496100,NET_FAMILY_INCOME_2004,TOTAL NET FAMILY INCOME IN PAST CALENDAR YEAR *KEY* (TRUNCATED),TNFI_TRUNC,2004
T0987800,NET_FAMILY_INCOME_2006,TOTAL NET FAMILY INCOME IN PAST CALENDAR YEAR *KEY* (TRUNCATED),TNFI_TRUNC,2006
T2210000,NET_FAMILY_INCOME_2008,TOTAL NET FAMILY INCOME IN PAST CALENDAR YEAR *KEY* (TRUNCATED),TNFI_TRUNC,2008
T3107800,NET_FAMILY_INCOME_2010,TOTAL NET FAMILY INCOME IN PAST CALENDAR YEAR *KEY* (TRUNCATED),TNFI_TRUNC,2010
T4112300,NET_FAMILY_INCOME_2012,TOTAL NET FAMILY INCOME IN PAST CALENDAR YEAR *KEY* (TRUNCATED),TNFI_TRUNC,2012
T5022600,NET_FAMILY_INCOME_2014,TOTAL NET FAMILY INCOME IN PAST CALENDAR YEAR *KEY* (TRUNCATED),TNFI_TRUNC,2014
T5770800,NET_FAMILY_INCOME_2016,TOTAL NET FAMILY INCOME IN PAST CALENDAR YEAR *KEY* (TRUNCATED),TNFI_TRUNC,2016
T2303800,HOURS_WORKED_WEEK.01_2010,HOURS PER WEEK USUALLY WORKED (INCLUDES AT HOME HOURS) JOB # 01,HOURS_WORKED_WEEK.01,2010
T3282300,HOURS_WORKED_WEEK.01_2012,HOURS PER WEEK USUALLY WORKED (INCLUDES AT HOME HOURS) JOB # 01,HOURS_WORKED_WEEK.01,2012
T4254500,HOURS_WORKED_WEEK.01_2014,HOURS PER WEEK USUALLY WORKED (INCLUDES HOURS WORKED AT HOME) JOB # 01,HOURS_WORKED_WEEK.01,2014
T5227800,HOURS_WORKED_WEEK.01_2016,HOURS PER WEEK USUALLY WORKED (INCLUDES HOURS WORKED AT HOME) JOB # 01,HOURS_WORKED_WEEK.01,2016
T2303900,HOURS_WORKED_WEEK.02_2010,HOURS PER WEEK USUALLY WORKED (INCLUDES AT HOME HOURS) JOB # 02,HOURS_WORKED_WEEK.02,2010
T3282400,HOURS_WORKED_WEEK.02_2012,HOURS PER WEEK USUALLY WORKED (INCLUDES AT HOME HOURS) JOB # 02,HOURS_WORKED_WEEK.02,2012
T4254600,HOURS_WORKED_WEEK.02_2014,HOURS PER WEEK USUALLY WORKED (INCLUDES HOURS WORKED AT HOME) JOB # 02,HOURS_WORKED_WEEK.02,2014
T5227900,HOURS_WORKED_WEEK.02_2016,HOURS PER WEEK USUALLY WORKED (INCLUDES HOURS WORKED AT HOME) JOB # 02,HOURS_WORKED_WEEK.02,2016
T2304000,HOURS_WORKED_WEEK.03_2010,HOURS PER WEEK USUALLY WORKED (INCLUDES AT HOME HOURS) JOB # 03,HOURS_WORKED_WEEK.03,2010
T3282500,HOURS_WORKED_WEEK.03_2012,HOURS PER WEEK USUALLY WORKED (INCLUDES AT HOME HOURS) JOB # 03,HOURS_WORKED_WEEK.03,2012
T4254700,HOURS_WORKED_WEEK.03_2014,HOURS PER WEEK USUALLY WORKED (INCLUDES HOURS WORKED AT HOME) JOB # 03,HOURS_WORKED_WEEK.03,2014
T5228000,HOURS_WORKED_WEEK.03_2016,HOURS PER WEEK USUALLY WORKED (INCLUDES HOURS WORKED AT HOME) JOB # 03,HOURS_WORKED_WEEK.03,2016
T2304100,HOURS_WORKED_WEEK.04_2010,HOURS PER WEEK USUALLY WORKED (INCLUDES AT HOME HOURS) JOB # 04,HOURS_WORKED_WEEK.04,2010
T3282600,HOURS_WORKED_WEEK.04_2012,HOURS PER WEEK USUALLY WORKED (INCLUDES AT HOME HOURS) JOB # 04,HOURS_WORKED_WEEK.04,2012
T4254800,HOURS_WORKED_WEEK.04_2014,HOURS PER WEEK USUALLY WORKED (INCLUDES HOURS WORKED AT HOME) JOB # 04,HOURS_WORKED_WEEK.04,2014
T5228100,HOURS_WORKED_WEEK.04_2016,HOURS PER WEEK USUALLY WORKED (INCLUDES HOURS WORKED AT HOME) JOB # 04,HOURS_WORKED_WEEK.04,2016
T2304200,HOURS_WORKED_WEEK.05_2010,HOURS PER WEEK USUALLY WORKED (INCLUDES AT HOME HOURS) JOB # 05,HOURS_WORKED_WEEK.05,2010
T3282700,HOURS_WORKED_WEEK.05_2012,HOURS PER WEEK USUALLY WORKED (INCLUDES AT HOME HOURS) JOB # 05,HOURS_WORKED_WEEK.05,2012
T4254900,HOURS_WORKED_WEEK.05_2014,HOURS PER WEEK USUALLY WORKED (INCLUDES HOURS WORKED AT HOME) JOB # 05,HOURS_WORKED_WEEK.05,2014
T5228200,HOURS_WORKED_WEEK.05_2016,HOURS PER WEEK USUALLY WORKED (INCLUDES HOURS WORKED AT HOME) JOB # 05,HOURS_WORKED_WEEK.05,2016
R0214700,RACE,R'S RACIAL/ETHNIC COHORT FROM SCREENER,SAMPLE_RACE,
R0010300,RELIGION,IN WHAT RELIGION WAS R RAISED? 79 INT (COLLAPSED OTHER-SPECIFY),R_REL-1_COL,1979
R2350010,ROSENBERG_ESTEEM_SCORE_1987,SELF-ESTEEM SCORE,ROSENBERG_ESTEEM_SCORE,1987
T0899810,ROSENBERG_ESTEEM_SCORE_2006,SELF-ESTEEM SCORE,ROSENBERG_ESTEEM_SCORE,2006
R0304410,ROSENBERG_SCORE_1980,SELF-ESTEEM SCORE,ROSENBERG_SCORE,1980
R0153710,ROTTER_SCORE_1979,ROTTER SCALE SCORE 79,ROTTER_SCORE,1979
T4998510,ROTTER_SCORE_2014,ROTTER SCALE SCORE 14,ROTTER_SCORE,2014
T5733800,ROTTER_SCORE_2016,ROTTER SCALE SCORE 16,ROTTER_SCORE,2016
R0173600,SAMPLE_ID_1979,SAMPLE IDENTIFICATION CODE,SAMPLE_ID,1979
R0338500,SECTOR.01_1980,CLASS OF WORKER JOB #01,COWALL-EMP.01,1980
R0546200,SECTOR.01_1981,CLASS OF WORKER JOB #01,COWALL-EMP.01,1981
R0840700,SECTOR.01_1982,CLASS OF WORKER JOB #01,COWALL-EMP.01,1982
R1087900,SECTOR.01_1983,CLASS OF WORKER JOB #01,COWALL-EMP.01,1983
R1463600,SECTOR.01_1984,CLASS OF WORKER JOB #01,COWALL-EMP.01,1984
R1810400,SECTOR.01_1985,CLASS OF WORKER JOB #01,COWALL-EMP.01,1985
R2172100,SECTOR.01_1986,CLASS OF WORKER JOB #01,COWALL-EMP.01,1986
R2376900,SECTOR.01_1987,CLASS OF WORKER JOB #01,COWALL-EMP.01,1987
R2771700,SECTOR.01_1988,CLASS OF WORKER JOB #01,COWALL-EMP.01,1988
R3013500,SECTOR.01_1989,CLASS OF WORKER JOB #01,COWALL-EMP.01,1989
R3340900,SECTOR.01_1990,CLASS OF WORKER JOB #01,COWALL-EMP.01,1990
R3605200,SECTOR.01_1991,CLASS OF WORKER JOB #01,COWALL-EMP.01,1991
R3955400,SECTOR.01_1992,CLASS OF WORKER JOB #01,COWALL-EMP.01,1992
R4193900,SECTOR.01_1993,CLASS OF WORKER JOB #01,COWALL-EMP.01,1993
R4587905,SECTOR.01_1994,CLASS OF WORKER JOB #01,COWALL-EMP.01,1994
R5270700,SECTOR.01_1996,CLASS OF WORKER JOB #01,COWALL-EMP.01,1996
R6473100,SECTOR.01_1998,CLASS OF WORKER (ALL) JOB #01,COWALL-EMP.01,1998
R6592300,SECTOR.01_2000,CLASS OF WORKER (ALL) JOB #01,COWALL-EMP.01,2000
R7210100,SECTOR.01_2002,CLASS OF WORKER (ALL) JOB #01,COWALL-EMP.01,2002
R7898500,SECTOR.01_2004,CLASS OF WORKER (ALL) JOB #01,COWALL-EMP.01,2004
T1037500,SECTOR.01_2006,CLASS OF WORKER (ALL) JOB #01,COWALL-EMP_REVISED.01,2006
T1298500,SECTOR.01_2008,CLASS OF WORKER (ALL) JOB #01,COWALL-EMP.01,2008
T3186500,SECTOR.01_2010,CLASS OF WORKER (ALL) JOB #01,COWALL-EMP.01,2010
T3309200,SECTOR.01_2012,CLASS OF WORKER (ALL) JOB #01,COWALL-EMP.01,2012
T4283300,SECTOR.01_2014,CLASS OF WORKER (ALL) JOB #01,COWALL-EMP.01,2014
T5257400,SECTOR.01_2016,CLASS OF WORKER (ALL) JOB #01,COWALL-EMP.01,2016
R0090500,SECTOR.02_1979,CLASS OF WORKER JOB #02,COWALL-EMP.02,1979
R0350000,SECTOR.02_1980,CLASS OF WORKER JOB #02,COWALL-EMP.02,1980
R0559300,SECTOR.02_1981,CLASS OF WORKER JOB #02,COWALL-EMP.02,1981
R0853800,SECTOR.02_1982,CLASS OF WORKER JOB #02,COWALL-EMP.02,1982
R1101100,SECTOR.02_1983,CLASS OF WORKER JOB #02,COWALL-EMP.02,1983
R1476700,SECTOR.02_1984,CLASS OF WORKER JOB #02,COWALL-EMP.02,1984
R1823100,SECTOR.02_1985,CLASS OF WORKER JOB #02,COWALL-EMP.02,1985
R2185700,SECTOR.02_1986,CLASS OF WORKER JOB #02,COWALL-EMP.02,1986
R2388200,SECTOR.02_1987,CLASS OF WORKER JOB #02,COWALL-EMP.02,1987
R2784600,SECTOR.02_1988,CLASS OF WORKER JOB #02,COWALL-EMP.02,1988
R3026600,SECTOR.02_1989,CLASS OF WORKER JOB #02,COWALL-EMP.02,1989
R3354900,SECTOR.02_1990,CLASS OF WORKER JOB #02,COWALL-EMP.02,1990
R3617300,SECTOR.02_1991,CLASS OF WORKER JOB #02,COWALL-EMP.02,1991
R3967600,SECTOR.02_1992,CLASS OF WORKER JOB #02,COWALL-EMP.02,1992
R4206300,SECTOR.02_1993,CLASS OF WORKER JOB #02,COWALL-EMP.02,1993
R4631903,SECTOR.02_1994,CLASS OF WORKER JOB #02,COWALL-EMP.02,1994
R5311000,SECTOR.02_1996,CLASS OF WORKER JOB #02,COWALL-EMP.02,1996
R6473200,SECTOR.02_1998,CLASS OF WORKER (ALL) JOB #02,COWALL-EMP.02,1998
R6592400,SECTOR.02_2000,CLASS OF WORKER (ALL) JOB #02,COWALL-EMP.02,2000
R7210200,SECTOR.02_2002,CLASS OF WORKER (ALL) JOB #02,COWALL-EMP.02,2002
R7898600,SECTOR.02_2004,CLASS OF WORKER (ALL) JOB #02,COWALL-EMP.02,2004
T1037600,SECTOR.02_2006,CLASS OF WORKER (ALL) JOB #02,COWALL-EMP_REVISED.02,2006
T1298600,SECTOR.02_2008,CLASS OF WORKER (ALL) JOB #02,COWALL-EMP.02,2008
T3186600,SECTOR.02_2010,CLASS OF WORKER (ALL) JOB #02,COWALL-EMP.02,2010
T3309300,SECTOR.02_2012,CLASS OF WORKER (ALL) JOB #02,COWALL-EMP.02,2012
T4283400,SECTOR.02_2014,CLASS OF WORKER (ALL) JOB #02,COWALL-EMP.02,2014
T5257500,SECTOR.02_2016,CLASS OF WORKER (ALL) JOB #02,COWALL-EMP.02,2016
R0090600,SECTOR.03_1979,CLASS OF WORKER JOB #03,COWALL-EMP.03,1979
R0361500,SECTOR.03_1980,CLASS OF WORKER JOB #03,COWALL-EMP.03,1980
R0572400,SECTOR.03_1981,CLASS OF WORKER JOB #03,COWALL-EMP.03,1981
R0866900,SECTOR.03_1982,CLASS OF WORKER JOB #03,COWALL-EMP.03,1982
R1114300,SECTOR.03_1983,CLASS OF WORKER JOB #03,COWALL-EMP.03,1983
R1489800,SECTOR.03_1984,CLASS OF WORKER JOB #03,COWALL-EMP.03,1984
R1835800,SECTOR.03_1985,CLASS OF WORKER JOB #03,COWALL-EMP.03,1985
R2199300,SECTOR.03_1986,CLASS OF WORKER JOB #03,COWALL-EMP.03,1986
R2399500,SECTOR.03_1987,CLASS OF WORKER JOB #03,COWALL-EMP.03,1987
R2797500,SECTOR.03_1988,CLASS OF WORKER JOB #03,COWALL-EMP.03,1988
R3039700,SECTOR.03_1989,CLASS OF WORKER JOB #03,COWALL-EMP.03,1989
R3368900,SECTOR.03_1990,CLASS OF WORKER JOB #03,COWALL-EMP.03,1990
R3629400,SECTOR.03_1991,CLASS OF WORKER JOB #03,COWALL-EMP.03,1991
R3979800,SECTOR.03_1992,CLASS OF WORKER JOB #03,COWALL-EMP.03,1992
R4213500,SECTOR.03_1993,CLASS OF WORKER JOB #03,COWALL-EMP.03,1993
R4675903,SECTOR.03_1994,CLASS OF WORKER JOB #03,COWALL-EMP.03,1994
R5350000,SECTOR.03_1996,CLASS OF WORKER JOB #03,COWALL-EMP.03,1996
R6473300,SECTOR.03_1998,CLASS OF WORKER (ALL) JOB #03,COWALL-EMP.03,1998
R6592500,SECTOR.03_2000,CLASS OF WORKER (ALL) JOB #03,COWALL-EMP.03,2000
R7210300,SECTOR.03_2002,CLASS OF WORKER (ALL) JOB #03,COWALL-EMP.03,2002
R7898700,SECTOR.03_2004,CLASS OF WORKER (ALL) JOB #03,COWALL-EMP.03,2004
T1037700,SECTOR.03_2006,CLASS OF WORKER (ALL) JOB #03,COWALL-EMP_REVISED.03,2006
T1298700,SECTOR.03_2008,CLASS OF WORKER (ALL) JOB #03,COWALL-EMP.03,2008
T3186700,SECTOR.03_2010,CLASS OF WORKER (ALL) JOB #03,COWALL-EMP.03,2010
T3309400,SECTOR.03_2012,CLASS OF WORKER (ALL) JOB #03,COWALL-EMP.03,2012
T4283500,SECTOR.03_2014,CLASS OF WORKER (ALL) JOB #03,COWALL-EMP.03,2014
T5257600,SECTOR.03_2016,CLASS OF WORKER (ALL) JOB #03,COWALL-EMP.03,2016
R0090700,SECTOR.04_1979,CLASS OF WORKER JOB #04,COWALL-EMP.04,1979
R0373000,SECTOR.04_1980,CLASS OF WORKER JOB #04,COWALL-EMP.04,1980
R0585500,SECTOR.04_1981,CLASS OF WORKER JOB #04,COWALL-EMP.04,1981
R0880000,SECTOR.04_1982,CLASS OF WORKER JOB #04,COWALL-EMP.04,1982
R1127500,SECTOR.04_1983,CLASS OF WORKER JOB #04,COWALL-EMP.04,1983
R1502900,SECTOR.04_1984,CLASS OF WORKER JOB #04,COWALL-EMP.04,1984
R1848500,SECTOR.04_1985,CLASS OF WORKER JOB #04,COWALL-EMP.04,1985
R2212900,SECTOR.04_1986,CLASS OF WORKER JOB #04,COWALL-EMP.04,1986
R2410800,SECTOR.04_1987,CLASS OF WORKER JOB #04,COWALL-EMP.04,1987
R2810400,SECTOR.04_1988,CLASS OF WORKER JOB #04,COWALL-EMP.04,1988
R3052800,SECTOR.04_1989,CLASS OF WORKER JOB #04,COWALL-EMP.04,1989
R3382900,SECTOR.04_1990,CLASS OF WORKER JOB #04,COWALL-EMP.04,1990
R3641500,SECTOR.04_1991,CLASS OF WORKER JOB #04,COWALL-EMP.04,1991
R3992000,SECTOR.04_1992,CLASS OF WORKER JOB #04,COWALL-EMP.04,1992
R4221100,SECTOR.04_1993,CLASS OF WORKER JOB #04,COWALL-EMP.04,1993
R4715203,SECTOR.04_1994,CLASS OF WORKER JOB #04,COWALL-EMP.04,1994
R5387100,SECTOR.04_1996,CLASS OF WORKER JOB #04,COWALL-EMP.04,1996
R6473400,SECTOR.04_1998,CLASS OF WORKER (ALL) JOB #04,COWALL-EMP.04,1998
R6592600,SECTOR.04_2000,CLASS OF WORKER (ALL) JOB #04,COWALL-EMP.04,2000
R7210400,SECTOR.04_2002,CLASS OF WORKER (ALL) JOB #04,COWALL-EMP.04,2002
R7898800,SECTOR.04_2004,CLASS OF WORKER (ALL) JOB #04,COWALL-EMP.04,2004
T1037800,SECTOR.04_2006,CLASS OF WORKER (ALL) JOB #04,COWALL-EMP_REVISED.04,2006
T1298800,SECTOR.04_2008,CLASS OF WORKER (ALL) JOB #04,COWALL-EMP.04,2008
T3186800,SECTOR.04_2010,CLASS OF WORKER (ALL) JOB #04,COWALL-EMP.04,2010
T3309500,SECTOR.04_2012,CLASS OF WORKER (ALL) JOB #04,COWALL-EMP.04,2012
T4283600,SECTOR.04_2014,CLASS OF WORKER (ALL) JOB #04,COWALL-EMP.04,2014
T5257700,SECTOR.04_2016,CLASS OF WORKER (ALL) JOB #04,COWALL-EMP.04,2016
R0090800,SECTOR.05_1979,CLASS OF WORKER JOB #05,COWALL-EMP.05,1979
R0384500,SECTOR.05_1980,CLASS OF WORKER JOB #05,COWALL-EMP.05,1980
R0598600,SECTOR.05_1981,CLASS OF WORKER JOB #05,COWALL-EMP.05,1981
R0893100,SECTOR.05_1982,CLASS OF WORKER JOB #05,COWALL-EMP.05,1982
R1140700,SECTOR.05_1983,CLASS OF WORKER JOB #05,COWALL-EMP.05,1983
R1516000,SECTOR.05_1984,CLASS OF WORKER JOB #05,COWALL-EMP.05,1984
R1861200,SECTOR.05_1985,CLASS OF WORKER JOB #05,COWALL-EMP.05,1985
R2226500,SECTOR.05_1986,CLASS OF WORKER JOB #05,COWALL-EMP.05,1986
R2422100,SECTOR.05_1987,CLASS OF WORKER JOB #05,COWALL-EMP.05,1987
R2823300,SECTOR.05_1988,CLASS OF WORKER JOB #05,COWALL-EMP.05,1988
R3065900,SECTOR.05_1989,CLASS OF WORKER JOB #05,COWALL-EMP.05,1989
R3396900,SECTOR.05_1990,CLASS OF WORKER JOB #05,COWALL-EMP.05,1990
R3653600,SECTOR.05_1991,CLASS OF WORKER JOB #05,COWALL-EMP.05,1991
R4004200,SECTOR.05_1992,CLASS OF WORKER JOB #05,COWALL-EMP.05,1992
R4228500,SECTOR.05_1993,CLASS OF WORKER JOB #05,COWALL-EMP.05,1993
R4749403,SECTOR.05_1994,CLASS OF WORKER JOB #05,COWALL-EMP.05,1994
R5421600,SECTOR.05_1996,CLASS OF WORKER JOB #05,COWALL-EMP.05,1996
R6473500,SECTOR.05_1998,CLASS OF WORKER (ALL) JOB #05,COWALL-EMP.05,1998
R6592700,SECTOR.05_2000,CLASS OF WORKER (ALL) JOB #05,COWALL-EMP.05,2000
R7210500,SECTOR.05_2002,CLASS OF WORKER (ALL) JOB #05,COWALL-EMP.05,2002
R7898900,SECTOR.05_2004,CLASS OF WORKER (ALL) JOB #05,COWALL-EMP.05,2004
T1037900,SECTOR.05_2006,CLASS OF WORKER (ALL) JOB #05,COWALL-EMP_REVISED.05,2006
T1298900,SECTOR.05_2008,CLASS OF WORKER (ALL) JOB #05,COWALL-EMP.05,2008
T3186900,SECTOR.05_2010,CLASS OF WORKER (ALL) JOB #05,COWALL-EMP.05,2010
T3309600,SECTOR.05_2012,CLASS OF WORKER (ALL) JOB #05,COWALL-EMP.05,2012
T4283700,SECTOR.05_2014,CLASS OF WORKER (ALL) JOB #05,COWALL-EMP.05,2014
T5257800,SECTOR.05_2016,CLASS OF WORKER (ALL) JOB #05,COWALL-EMP.05,2016
R0214800,SEX,SEX OF R,SAMPLE_SEX,
R0068710,TENURE.01_1979,TOTAL TENURE (IN WEEKS) WITH EMPLOYER AS OF INTERVIEW DATE JOB #01,TENURE1,1979
R0333221,TENURE.01_1980,TOTAL TENURE (IN WEEKS) WITH EMPLOYER AS OF INTERVIEW DATE JOB #01,TENURE1,1980
R3597610,TENURE.01_1991,TOTAL TENURE (IN WEEKS) WITH EMPLOYER AS OF INTERVIEW DATE JOB #01,TENURE1,1991
R3947800,TENURE.01_1992,TOTAL TENURE (IN WEEKS) WITH EMPLOYER AS OF INTERVIEW DATE JOB #01,TENURE1,1992
R4416300,TENURE.01_1993,TOTAL TENURE (IN WEEKS) WITH EMPLOYER AS OF INTERVIEW DATE JOB #01,TENURE1,1993
R5079300,TENURE.01_1994,TOTAL TENURE (IN WEEKS) WITH EMPLOYER AS OF INTERVIEW DATE JOB #01,TENURE1,1994
R5164600,TENURE.01_1996,TOTAL TENURE (IN WEEKS) WITH EMPLOYER AS OF INTERVIEW DATE JOB #01,TENURE1,1996
R6477500,TENURE.01_1998,TOTAL TENURE (IN WEEKS) WITH EMPLOYER AS OF INTERVIEW DATE JOB #01,TENURE1,1998
R7005200,TENURE.01_2000,TOTAL TENURE (IN WEEKS) WITH EMPLOYER AS OF INTERVIEW DATE JOB #01,TENURE1,2000
R7702400,TENURE.01_2002,TOTAL TENURE (IN WEEKS) WITH EMPLOYER AS OF INTERVIEW DATE JOB #01,TENURE1,2002
R8494700,TENURE.01_2004,TOTAL TENURE (IN WEEKS) WITH EMPLOYER AS OF INTERVIEW DATE JOB #01,TENURE1,2004
T0986300,TENURE.01_2006,TOTAL TENURE (IN WEEKS) WITH EMPLOYER AS OF INTERVIEW DATE JOB #01,TENURE1,2006
T2208600,TENURE.01_2008,TOTAL TENURE (IN WEEKS) WITH EMPLOYER AS OF INTERVIEW DATE JOB #01,TENURE1,2008
T3106400,TENURE.01_2010,TOTAL TENURE (IN WEEKS) WITH EMPLOYER AS OF INTERVIEW DATE JOB #01,TENURE1,2010
T4110400,TENURE.01_2012,TOTAL TENURE (IN WEEKS) WITH EMPLOYER AS OF INTERVIEW DATE JOB #01,TENURE1,2012
T5019200,TENURE.01_2014,TOTAL TENURE (IN WEEKS) WITH EMPLOYER AS OF INTERVIEW DATE JOB #01,TENURE1,2014
T5768100,TENURE.01_2016,TOTAL TENURE (IN WEEKS) WITH EMPLOYER AS OF INTERVIEW DATE JOB #01,TENURE1,2016
R0069010,TENURE.02_1979,TOTAL TENURE (IN WEEKS) WITH EMPLOYER AS OF INTERVIEW DATE JOB #02,TENURE2,1979
R0344721,TENURE.02_1980,TOTAL TENURE (IN WEEKS) WITH EMPLOYER AS OF INTERVIEW DATE JOB #02,TENURE2,1980
R3609710,TENURE.02_1991,TOTAL TENURE (IN WEEKS) WITH EMPLOYER AS OF INTERVIEW DATE JOB #02,TENURE2,1991
R3960000,TENURE.02_1992,TOTAL TENURE (IN WEEKS) WITH EMPLOYER AS OF INTERVIEW DATE JOB #02,TENURE2,1992
R4416400,TENURE.02_1993,TOTAL TENURE (IN WEEKS) WITH EMPLOYER AS OF INTERVIEW DATE JOB #02,TENURE2,1993
R5079400,TENURE.02_1994,TOTAL TENURE (IN WEEKS) WITH EMPLOYER AS OF INTERVIEW DATE JOB #02,TENURE2,1994
R5164700,TENURE.02_1996,TOTAL TENURE (IN WEEKS) WITH EMPLOYER AS OF INTERVIEW DATE JOB #02,TENURE2,1996
R6477600,TENURE.02_1998,TOTAL TENURE (IN WEEKS) WITH EMPLOYER AS OF INTERVIEW DATE JOB #02,TENURE2,1998
R7005300,TENURE.02_2000,TOTAL TENURE (IN WEEKS) WITH EMPLOYER AS OF INTERVIEW DATE JOB #02,TENURE2,2000
R7702500,TENURE.02_2002,TOTAL TENURE (IN WEEKS) WITH EMPLOYER AS OF INTERVIEW DATE JOB #02,TENURE2,2002
R8494800,TENURE.02_2004,TOTAL TENURE (IN WEEKS) WITH EMPLOYER AS OF INTERVIEW DATE JOB #02,TENURE2,2004
T0986400,TENURE.02_2006,TOTAL TENURE (IN WEEKS) WITH EMPLOYER AS OF INTERVIEW DATE JOB #02,TENURE2,2006
T2208700,TENURE.02_2008,TOTAL TENURE (IN WEEKS) WITH EMPLOYER AS OF INTERVIEW DATE JOB #02,TENURE2,2008
T3106500,TENURE.02_2010,TOTAL TENURE (IN WEEKS) WITH EMPLOYER AS OF INTERVIEW DATE JOB #02,TENURE2,2010
T4110500,TENURE.02_2012,TOTAL TENURE (IN WEEKS) WITH EMPLOYER AS OF INTERVIEW DATE JOB #02,TENURE2,2012
T5019300,TENURE.02_2014,TOTAL TENURE (IN WEEKS) WITH EMPLOYER AS OF INTERVIEW DATE JOB #02,TENURE2,2014
T5768200,TENURE.02_2016,TOTAL TENURE (IN WEEKS) WITH EMPLOYER AS OF INTERVIEW DATE JOB #02,TENURE2,2016
R0069310,TENURE.03_1979,TOTAL TENURE (IN WEEKS) WITH EMPLOYER AS OF INTERVIEW DATE JOB #03,TENURE3,1979
R0356221,TENURE.03_1980,TOTAL TENURE (IN WEEKS) WITH EMPLOYER AS OF INTERVIEW DATE JOB #03,TENURE3,1980
R3621810,TENURE.03_1991,TOTAL TENURE (IN WEEKS) WITH EMPLOYER AS OF INTERVIEW DATE JOB #03,TENURE3,1991
R3972200,TENURE.03_1992,TOTAL TENURE (IN WEEKS) WITH EMPLOYER AS OF INTERVIEW DATE JOB #03,TENURE3,1992
R4416500,TENURE.03_1993,TOTAL TENURE (IN WEEKS) WITH EMPLOYER AS OF INTERVIEW DATE JOB #03,TENURE3,1993
R5079500,TENURE.03_1994,TOTAL TENURE (IN WEEKS) WITH EMPLOYER AS OF INTERVIEW DATE JOB #03,TENURE3,1994
R5164800,TENURE.03_1996,TOTAL TENURE (IN WEEKS) WITH EMPLOYER AS OF INTERVIEW DATE JOB #03,TENURE3,1996
R6477700,TENURE.03_1998,TOTAL TENURE (IN WEEKS) WITH EMPLOYER AS OF INTERVIEW DATE JOB #03,TENURE3,1998
R7005400,TENURE.03_2000,TOTAL TENURE (IN WEEKS) WITH EMPLOYER AS OF INTERVIEW DATE JOB #03,TENURE3,2000
R7702600,TENURE.03_2002,TOTAL TENURE (IN WEEKS) WITH EMPLOYER AS OF INTERVIEW DATE JOB #03,TENURE3,2002
R8494900,TENURE.03_2004,TOTAL TENURE (IN WEEKS) WITH EMPLOYER AS OF INTERVIEW DATE JOB #03,TENURE3,2004
T0986500,TENURE.03_2006,TOTAL TENURE (IN WEEKS) WITH EMPLOYER AS OF INTERVIEW DATE JOB #03,TENURE3,2006
T2208800,TENURE.03_2008,TOTAL TENURE (IN WEEKS) WITH EMPLOYER AS OF INTERVIEW DATE JOB #03,TENURE3,2008
T3106600,TENURE.03_2010,TOTAL TENURE (IN WEEKS) WITH EMPLOYER AS OF INTERVIEW DATE JOB #03,TENURE3,2010
T4110600,TENURE.03_2012,TOTAL TENURE (IN WEEKS) WITH EMPLOYER AS OF INTERVIEW DATE JOB #03,TENURE3,2012
T5019400,TENURE.03_2014,TOTAL TENURE (IN WEEKS) WITH EMPLOYER AS OF INTERVIEW DATE JOB #03,TENURE3,2014
T5768300,TENURE.03_2016,TOTAL TENURE (IN WEEKS) WITH EMPLOYER AS OF INTERVIEW DATE JOB #03,TENURE3,2016
R0069610,TENURE.04_1979,TOTAL TENURE (IN WEEKS) WITH EMPLOYER AS OF INTERVIEW DATE JOB #04,TENURE4,1979
R3633910,TENURE.04_1991,TOTAL TENURE (IN WEEKS) WITH EMPLOYER AS OF INTERVIEW DATE JOB #04,TENURE4,1991
R3984400,TENURE.04_1992,TOTAL TENURE (IN WEEKS) WITH EMPLOYER AS OF INTERVIEW DATE JOB #04,TENURE4,1992
R4416600,TENURE.04_1993,TOTAL TENURE (IN WEEKS) WITH EMPLOYER AS OF INTERVIEW DATE JOB #04,TENURE4,1993
R5079600,TENURE.04_1994,TOTAL TENURE (IN WEEKS) WITH EMPLOYER AS OF INTERVIEW DATE JOB #04,TENURE4,1994
R5164900,TENURE.04_1996,TOTAL TENURE (IN WEEKS) WITH EMPLOYER AS OF INTERVIEW DATE JOB #04,TENURE4,1996
R6477800,TENURE.04_1998,TOTAL TENURE (IN WEEKS) WITH EMPLOYER AS OF INTERVIEW DATE JOB #04,TENURE4,1998
R7005500,TENURE.04_2000,TOTAL TENURE (IN WEEKS) WITH EMPLOYER AS OF INTERVIEW DATE JOB #04,TENURE4,2000
R7702700,TENURE.04_2002,TOTAL TENURE (IN WEEKS) WITH EMPLOYER AS OF INTERVIEW DATE JOB #04,TENURE4,2002
R8495000,TENURE.04_2004,TOTAL TENURE (IN WEEKS) WITH EMPLOYER AS OF INTERVIEW DATE JOB #04,TENURE4,2004
T0986600,TENURE.04_2006,TOTAL TENURE (IN WEEKS) WITH EMPLOYER AS OF INTERVIEW DATE JOB #04,TENURE4,2006
T2208900,TENURE.04_2008,TOTAL TENURE (IN WEEKS) WITH EMPLOYER AS OF INTERVIEW DATE JOB #04,TENURE4,2008
T3106700,TENURE.04_2010,TOTAL TENURE (IN WEEKS) WITH EMPLOYER AS OF INTERVIEW DATE JOB #04,TENURE4,2010
T4110700,TENURE.04_2012,TOTAL TENURE (IN WEEKS) WITH EMPLOYER AS OF INTERVIEW DATE JOB #04,TENURE4,2012
T5019500,TENURE.04_2014,TOTAL TENURE (IN WEEKS) WITH EMPLOYER AS OF INTERVIEW DATE JOB #04,TENURE4,2014
T5768400,TENURE.04_2016,TOTAL TENURE (IN WEEKS) WITH EMPLOYER AS OF INTERVIEW DATE JOB #04,TENURE4,2016
R0069910,TENURE.05_1979,TOTAL TENURE (IN WEEKS) WITH EMPLOYER AS OF INTERVIEW DATE JOB #05,TENURE5,1979
R3646010,TENURE.05_1991,TOTAL TENURE (IN WEEKS) WITH EMPLOYER AS OF INTERVIEW DATE JOB #05,TENURE5,1991
R4416700,TENURE.05_1993,TOTAL TENURE (IN WEEKS) WITH EMPLOYER AS OF INTERVIEW DATE JOB #05,TENURE5,1993
R5079700,TENURE.05_1994,TOTAL TENURE (IN WEEKS) WITH EMPLOYER AS OF INTERVIEW DATE JOB #05,TENURE5,1994
R5165000,TENURE.05_1996,TOTAL TENURE (IN WEEKS) WITH EMPLOYER AS OF INTERVIEW DATE JOB #05,TENURE5,1996
R6477900,TENURE.05_1998,TOTAL TENURE (IN WEEKS) WITH EMPLOYER AS OF INTERVIEW DATE JOB #05,TENURE5,1998
R7005600,TENURE.05_2000,TOTAL TENURE (IN WEEKS) WITH EMPLOYER AS OF INTERVIEW DATE JOB #05,TENURE5,2000
R7702800,TENURE.05_2002,TOTAL TENURE (IN WEEKS) WITH EMPLOYER AS OF INTERVIEW DATE JOB #05,TENURE5,2002
R8495100,TENURE.05_2004,TOTAL TENURE (IN WEEKS) WITH EMPLOYER AS OF INTERVIEW DATE JOB #05,TENURE5,2004
T0986700,TENURE.05_2006,TOTAL TENURE (IN WEEKS) WITH EMPLOYER AS OF INTERVIEW DATE JOB #05,TENURE5,2006
T2209000,TENURE.05_2008,TOTAL TENURE (IN WEEKS) WITH EMPLOYER AS OF INTERVIEW DATE JOB #05,TENURE5,2008
T3106800,TENURE.05_2010,TOTAL TENURE (IN WEEKS) WITH EMPLOYER AS OF INTERVIEW DATE JOB #05,TENURE5,2010
T4110800,TENURE.05_2012,TOTAL TENURE (IN WEEKS) WITH EMPLOYER AS OF INTERVIEW DATE JOB #05,TENURE5,2012
T5019600,TENURE.05_2014,TOTAL TENURE (IN WEEKS) WITH EMPLOYER AS OF INTERVIEW DATE JOB #05,TENURE5,2014
T5768500,TENURE.05_2016,TOTAL TENURE (IN WEEKS) WITH EMPLOYER AS OF INTERVIEW DATE JOB #05,TENURE5,2016
R0539410,TENURE.01_1981,TOTAL TENURE (IN WEEKS) WITH EMPLOYER AS OF INTERVIEW DATE JOB #01,TENURE1,1981
R0833810,TENURE.01_1982,TOTAL TENURE (IN WEEKS) WITH EMPLOYER AS OF INTERVIEW DATE JOB #01,TENURE1,1982
R1081010,TENURE.01_1983,TOTAL TENURE (IN WEEKS) WITH EMPLOYER AS OF INTERVIEW DATE JOB #01,TENURE1,1983
R1456710,TENURE.01_1984,TOTAL TENURE (IN WEEKS) WITH EMPLOYER AS OF INTERVIEW DATE JOB #01,TENURE1,1984
R1803510,TENURE.01_1985,TOTAL TENURE (IN WEEKS) WITH EMPLOYER AS OF INTERVIEW DATE JOB #01,TENURE1,1985
R2165110,TENURE.01_1986,TOTAL TENURE (IN WEEKS) WITH EMPLOYER AS OF INTERVIEW DATE JOB #01,TENURE1,1986
R2372510,TENURE.01_1987,TOTAL TENURE (IN WEEKS) WITH EMPLOYER AS OF INTERVIEW DATE JOB #01,TENURE1,1987
R2763410,TENURE.01_1988,TOTAL TENURE (IN WEEKS) WITH EMPLOYER AS OF INTERVIEW DATE JOB #01,TENURE1,1988
R3005210,TENURE.01_1989,TOTAL TENURE (IN WEEKS) WITH EMPLOYER AS OF INTERVIEW DATE JOB #01,TENURE1,1989
R3332610,TENURE.01_1990,TOTAL TENURE (IN WEEKS) WITH EMPLOYER AS OF INTERVIEW DATE JOB #01,TENURE1,1990
R0552510,TENURE.02_1981,TOTAL TENURE (IN WEEKS) WITH EMPLOYER AS OF INTERVIEW DATE JOB #02,TENURE2,1981
R0846910,TENURE.02_1982,TOTAL TENURE (IN WEEKS) WITH EMPLOYER AS OF INTERVIEW DATE JOB #02,TENURE2,1982
R1094210,TENURE.02_1983,TOTAL TENURE (IN WEEKS) WITH EMPLOYER AS OF INTERVIEW DATE JOB #02,TENURE2,1983
R1469810,TENURE.02_1984,TOTAL TENURE (IN WEEKS) WITH EMPLOYER AS OF INTERVIEW DATE JOB #02,TENURE2,1984
R1816210,TENURE.02_1985,TOTAL TENURE (IN WEEKS) WITH EMPLOYER AS OF INTERVIEW DATE JOB #02,TENURE2,1985
R2178710,TENURE.02_1986,TOTAL TENURE (IN WEEKS) WITH EMPLOYER AS OF INTERVIEW DATE JOB #02,TENURE2,1986
R2383810,TENURE.02_1987,TOTAL TENURE (IN WEEKS) WITH EMPLOYER AS OF INTERVIEW DATE JOB #02,TENURE2,1987
R2776310,TENURE.02_1988,TOTAL TENURE (IN WEEKS) WITH EMPLOYER AS OF INTERVIEW DATE JOB #02,TENURE2,1988
R3018310,TENURE.02_1989,TOTAL TENURE (IN WEEKS) WITH EMPLOYER AS OF INTERVIEW DATE JOB #02,TENURE2,1989
R3346610,TENURE.02_1990,TOTAL TENURE (IN WEEKS) WITH EMPLOYER AS OF INTERVIEW DATE JOB #02,TENURE2,1990
R0565610,TENURE.03_1981,TOTAL TENURE (IN WEEKS) WITH EMPLOYER AS OF INTERVIEW DATE JOB #03,TENURE3,1981
R0860010,TENURE.03_1982,TOTAL TENURE (IN WEEKS) WITH EMPLOYER AS OF INTERVIEW DATE JOB #03,TENURE3,1982
R1107410,TENURE.03_1983,TOTAL TENURE (IN WEEKS) WITH EMPLOYER AS OF INTERVIEW DATE JOB #03,TENURE3,1983
R1482910,TENURE.03_1984,TOTAL TENURE (IN WEEKS) WITH EMPLOYER AS OF INTERVIEW DATE JOB #03,TENURE3,1984
R1828910,TENURE.03_1985,TOTAL TENURE (IN WEEKS) WITH EMPLOYER AS OF INTERVIEW DATE JOB #03,TENURE3,1985
R2192310,TENURE.03_1986,TOTAL TENURE (IN WEEKS) WITH EMPLOYER AS OF INTERVIEW DATE JOB #03,TENURE3,1986
R2395110,TENURE.03_1987,TOTAL TENURE (IN WEEKS) WITH EMPLOYER AS OF INTERVIEW DATE JOB #03,TENURE3,1987
R2789210,TENURE.03_1988,TOTAL TENURE (IN WEEKS) WITH EMPLOYER AS OF INTERVIEW DATE JOB #03,TENURE3,1988
R3031410,TENURE.03_1989,TOTAL TENURE (IN WEEKS) WITH EMPLOYER AS OF INTERVIEW DATE JOB #03,TENURE3,1989
R3360610,TENURE.03_1990,TOTAL TENURE (IN WEEKS) WITH EMPLOYER AS OF INTERVIEW DATE JOB #03,TENURE3,1990
R0367721,TENURE.04_1980,TOTAL TENURE (IN WEEKS) WITH EMPLOYER AS OF INTERVIEW DATE JOB #04,TENURE4,1980
R0578710,TENURE.04_1981,TOTAL TENURE (IN WEEKS) WITH EMPLOYER AS OF INTERVIEW DATE JOB #04,TENURE4,1981
R0873110,TENURE.04_1982,TOTAL TENURE (IN WEEKS) WITH EMPLOYER AS OF INTERVIEW DATE JOB #04,TENURE4,1982
R1120610,TENURE.04_1983,TOTAL TENURE (IN WEEKS) WITH EMPLOYER AS OF INTERVIEW DATE JOB #04,TENURE4,1983
R1496010,TENURE.04_1984,TOTAL TENURE (IN WEEKS) WITH EMPLOYER AS OF INTERVIEW DATE JOB #04,TENURE4,1984
R1841610,TENURE.04_1985,TOTAL TENURE (IN WEEKS) WITH EMPLOYER AS OF INTERVIEW DATE JOB #04,TENURE4,1985
R2205910,TENURE.04_1986,TOTAL TENURE (IN WEEKS) WITH EMPLOYER AS OF INTERVIEW DATE JOB #04,TENURE4,1986
R2406410,TENURE.04_1987,TOTAL TENURE (IN WEEKS) WITH EMPLOYER AS OF INTERVIEW DATE JOB #04,TENURE4,1987
R2802110,TENURE.04_1988,TOTAL TENURE (IN WEEKS) WITH EMPLOYER AS OF INTERVIEW DATE JOB #04,TENURE4,1988
R3044510,TENURE.04_1989,TOTAL TENURE (IN WEEKS) WITH EMPLOYER AS OF INTERVIEW DATE JOB #04,TENURE4,1989
R3374610,TENURE.04_1990,TOTAL TENURE (IN WEEKS) WITH EMPLOYER AS OF INTERVIEW DATE JOB #04,TENURE4,1990
R0379221,TENURE.05_1980,TOTAL TENURE (IN WEEKS) WITH EMPLOYER AS OF INTERVIEW DATE JOB #05,TENURE5,1980
R0591810,TENURE.05_1981,TOTAL TENURE (IN WEEKS) WITH EMPLOYER AS OF INTERVIEW DATE JOB #05,TENURE5,1981
R0886210,TENURE.05_1982,TOTAL TENURE (IN WEEKS) WITH EMPLOYER AS OF INTERVIEW DATE JOB #05,TENURE5,1982
R1133810,TENURE.05_1983,TOTAL TENURE (IN WEEKS) WITH EMPLOYER AS OF INTERVIEW DATE JOB #05,TENURE5,1983
R1509110,TENURE.05_1984,TOTAL TENURE (IN WEEKS) WITH EMPLOYER AS OF INTERVIEW DATE JOB #05,TENURE5,1984
R1854310,TENURE.05_1985,TOTAL TENURE (IN WEEKS) WITH EMPLOYER AS OF INTERVIEW DATE JOB #05,TENURE5,1985
R2219510,TENURE.05_1986,TOTAL TENURE (IN WEEKS) WITH EMPLOYER AS OF INTERVIEW DATE JOB #05,TENURE5,1986
R2417710,TENURE.05_1987,TOTAL TENURE (IN WEEKS) WITH EMPLOYER AS OF INTERVIEW DATE JOB #05,TENURE5,1987
R2815010,TENURE.05_1988,TOTAL TENURE (IN WEEKS) WITH EMPLOYER AS OF INTERVIEW DATE JOB #05,TENURE5,1988
R3057610,TENURE.05_1989,TOTAL TENURE (IN WEEKS) WITH EMPLOYER AS OF INTERVIEW DATE JOB #05,TENURE5,1989
R3388610,TENURE.05_1990,TOTAL TENURE (IN WEEKS) WITH EMPLOYER AS OF INTERVIEW DATE JOB #05,TENURE5,1990
R3996600,TENURE.05_1992,TOTAL TENURE (IN WEEKS) WITH EMPLOYER AS OF INTERVIEW DATE JOB #05,TENURE5,1992
R0094200,UNION.01_1979,R IN UNION OR EMPLOYEE ASSOCIATION? JOB #01,QES-88A.01,1979
R2773300,UNION.01_1988,R IN UNION OR EMPLOYEE ASSOCIATION? JOB #01,QES-88A.01,1988
R3015200,UNION.01_1989,R IN UNION OR EMPLOYEE ASSOCIATION? JOB #01,QES-88A.01,1989
R3344000,UNION.01_1990,R IN UNION OR EMPLOYEE ASSOCIATION? JOB #01,QES-88A.01,1990
R3607100,UNION.01_1991,R IN UNION OR EMPLOYEE ASSOCIATION? JOB #01,QES-88A.01,1991
R3957300,UNION.01_1992,R IN UNION OR EMPLOYEE ASSOCIATION? JOB #01,QES-88A.01,1992
R4200100,UNION.01_1993,R IN UNION OR EMPLOYEE ASSOCIATION? JOB #01,QES-88A.01,1993
R4615800,UNION.01_1994,R IN UNION OR EMPLOYEE ASSOCIATION? JOB #01,QES-88A.01,1994
R5297900,UNION.01_1996,R IN UNION OR EMPLOYEE ASSOCIATION? JOB #01,QES-88A.01,1996
R6134100,UNION.01_1998,R IN UNION OR EMPLOYEE ASSOCIATION? JOB #01,QES-88A.01,1998
R6689400,UNION.01_2000,R IN UNION OR EMPLOYEE ASSOCIATION? JOB #01,QES-88A.01,2000
R7350100,UNION.01_2002,R IN UNION OR EMPLOYEE ASSOCIATION? JOB #01,QES-88A.01,2002
R8043100,UNION.01_2004,R IN UNION OR EMPLOYEE ASSOCIATION? JOB #01,QES-88A.01,2004
T0276600,UNION.01_2006,R IN UNION OR EMPLOYEE ASSOCIATION? JOB #01,QES-88A.01,2006
T1426900,UNION.01_2008,R IN UNION OR EMPLOYEE ASSOCIATION? JOB #01,QES-88A.01,2008
T2450100,UNION.01_2010,R IN UNION OR EMPLOYEE ASSOCIATION? JOB # 01,QES-88A.01,2010
T3439400,UNION.01_2012,R IN UNION OR EMPLOYEE ASSOCIATION? JOB # 01,QES-88A.01,2012
T4413200,UNION.01_2014,R IN UNION OR EMPLOYEE ASSOCIATION? JOB # 01,QES-88A.01,2014
T5397700,UNION.01_2016,R IN UNION OR EMPLOYEE ASSOCIATION? JOB # 01,QES-88A.01,2016
R0094300,UNION.02_1979,R IN UNION OR EMPLOYEE ASSOCIATION? JOB #02,QES-88A.02,1979
R2786200,UNION.02_1988,R IN UNION OR EMPLOYEE ASSOCIATION? JOB #02,QES-88A.02,1988
R3028300,UNION.02_1989,R IN UNION OR EMPLOYEE ASSOCIATION? JOB #02,QES-88A.02,1989
R3358000,UNION.02_1990,R IN UNION OR EMPLOYEE ASSOCIATION? JOB #02,QES-88A.02,1990
R3619200,UNION.02_1991,R IN UNION OR EMPLOYEE ASSOCIATION? JOB #02,QES-88A.02,1991
R3969500,UNION.02_1992,R IN UNION OR EMPLOYEE ASSOCIATION? JOB #02,QES-88A.02,1992
R4207700,UNION.02_1993,R IN UNION OR EMPLOYEE ASSOCIATION? JOB #02,QES-88A.02,1993
R4659100,UNION.02_1994,R IN UNION OR EMPLOYEE ASSOCIATION? JOB #02,QES-88A.02,1994
R5337500,UNION.02_1996,R IN UNION OR EMPLOYEE ASSOCIATION? JOB #02,QES-88A.02,1996
R6134200,UNION.02_1998,R IN UNION OR EMPLOYEE ASSOCIATION? JOB #02,QES-88A.02,1998
R6689500,UNION.02_2000,R IN UNION OR EMPLOYEE ASSOCIATION? JOB #02,QES-88A.02,2000
R7350200,UNION.02_2002,R IN UNION OR EMPLOYEE ASSOCIATION? JOB #02,QES-88A.02,2002
R8043200,UNION.02_2004,R IN UNION OR EMPLOYEE ASSOCIATION? JOB #02,QES-88A.02,2004
T0276700,UNION.02_2006,R IN UNION OR EMPLOYEE ASSOCIATION? JOB #02,QES-88A.02,2006
T1427000,UNION.02_2008,R IN UNION OR EMPLOYEE ASSOCIATION? JOB #02,QES-88A.02,2008
T2450200,UNION.02_2010,R IN UNION OR EMPLOYEE ASSOCIATION? JOB # 02,QES-88A.02,2010
T3439500,UNION.02_2012,R IN UNION OR EMPLOYEE ASSOCIATION? JOB # 02,QES-88A.02,2012
T4413300,UNION.02_2014,R IN UNION OR EMPLOYEE ASSOCIATION? JOB # 02,QES-88A.02,2014
T5397800,UNION.02_2016,R IN UNION OR EMPLOYEE ASSOCIATION? JOB # 02,QES-88A.02,2016
R0094400,UNION.03_1979,R IN UNION OR EMPLOYEE ASSOCIATION? JOB #03,QES-88A.03,1979
R2799100,UNION.03_1988,R IN UNION OR EMPLOYEE ASSOCIATION? JOB #03,QES-88A.03,1988
R3041400,UNION.03_1989,R IN UNION OR EMPLOYEE ASSOCIATION? JOB #03,QES-88A.03,1989
R3372000,UNION.03_1990,R IN UNION OR EMPLOYEE ASSOCIATION? JOB #03,QES-88A.03,1990
R3631300,UNION.03_1991,R IN UNION OR EMPLOYEE ASSOCIATION? JOB #03,QES-88A.03,1991
R3981700,UNION.03_1992,R IN UNION OR EMPLOYEE ASSOCIATION? JOB #03,QES-88A.03,1992
R4214900,UNION.03_1993,R IN UNION OR EMPLOYEE ASSOCIATION? JOB #03,QES-88A.03,1993
R4700800,UNION.03_1994,R IN UNION OR EMPLOYEE ASSOCIATION? JOB #03,QES-88A.03,1994
R5375400,UNION.03_1996,R IN UNION OR EMPLOYEE ASSOCIATION? JOB #03,QES-88A.03,1996
R6134300,UNION.03_1998,R IN UNION OR EMPLOYEE ASSOCIATION? JOB #03,QES-88A.03,1998
R6689600,UNION.03_2000,R IN UNION OR EMPLOYEE ASSOCIATION? JOB #03,QES-88A.03,2000
R7350300,UNION.03_2002,R IN UNION OR EMPLOYEE ASSOCIATION? JOB #03,QES-88A.03,2002
R8043300,UNION.03_2004,R IN UNION OR EMPLOYEE ASSOCIATION? JOB #03,QES-88A.03,2004
T0276800,UNION.03_2006,R IN UNION OR EMPLOYEE ASSOCIATION? JOB #03,QES-88A.03,2006
T1427100,UNION.03_2008,R IN UNION OR EMPLOYEE ASSOCIATION? JOB #03,QES-88A.03,2008
T2450300,UNION.03_2010,R IN UNION OR EMPLOYEE ASSOCIATION? JOB # 03,QES-88A.03,2010
T3439600,UNION.03_2012,R IN UNION OR EMPLOYEE ASSOCIATION? JOB # 03,QES-88A.03,2012
T4413400,UNION.03_2014,R IN UNION OR EMPLOYEE ASSOCIATION? JOB # 03,QES-88A.03,2014
T5397900,UNION.03_2016,R IN UNION OR EMPLOYEE ASSOCIATION? JOB # 03,QES-88A.03,2016
R0094500,UNION.04_1979,R IN UNION OR EMPLOYEE ASSOCIATION? JOB #04,QES-88A.04,1979
R2812000,UNION.04_1988,R IN UNION OR EMPLOYEE ASSOCIATION? JOB #04,QES-88A.04,1988
R3054500,UNION.04_1989,R IN UNION OR EMPLOYEE ASSOCIATION? JOB #04,QES-88A.04,1989
R3386000,UNION.04_1990,R IN UNION OR EMPLOYEE ASSOCIATION? JOB #04,QES-88A.04,1990
R3643400,UNION.04_1991,R IN UNION OR EMPLOYEE ASSOCIATION? JOB #04,QES-88A.04,1991
R3993900,UNION.04_1992,R IN UNION OR EMPLOYEE ASSOCIATION? JOB #04,QES-88A.04,1992
R4222500,UNION.04_1993,R IN UNION OR EMPLOYEE ASSOCIATION? JOB #04,QES-88A.04,1993
R4735800,UNION.04_1994,R IN UNION OR EMPLOYEE ASSOCIATION? JOB #04,QES-88A.04,1994
R5410400,UNION.04_1996,R IN UNION OR EMPLOYEE ASSOCIATION? JOB #04,QES-88A.04,1996
R6134400,UNION.04_1998,R IN UNION OR EMPLOYEE ASSOCIATION? JOB #04,QES-88A.04,1998
R6689700,UNION.04_2000,R IN UNION OR EMPLOYEE ASSOCIATION? JOB #04,QES-88A.04,2000
R7350400,UNION.04_2002,R IN UNION OR EMPLOYEE ASSOCIATION? JOB #04,QES-88A.04,2002
R8043400,UNION.04_2004,R IN UNION OR EMPLOYEE ASSOCIATION? JOB #04,QES-88A.04,2004
T0276900,UNION.04_2006,R IN UNION OR EMPLOYEE ASSOCIATION? JOB #04,QES-88A.04,2006
T1427200,UNION.04_2008,R IN UNION OR EMPLOYEE ASSOCIATION? JOB #04,QES-88A.04,2008
T2450400,UNION.04_2010,R IN UNION OR EMPLOYEE ASSOCIATION? JOB # 04,QES-88A.04,2010
T3439700,UNION.04_2012,R IN UNION OR EMPLOYEE ASSOCIATION? JOB # 04,QES-88A.04,2012
T4413500,UNION.04_2014,R IN UNION OR EMPLOYEE ASSOCIATION? JOB # 04,QES-88A.04,2014
T5398000,UNION.04_2016,R IN UNION OR EMPLOYEE ASSOCIATION? JOB # 04,QES-88A.04,2016
R0094600,UNION.05_1979,R IN UNION OR EMPLOYEE ASSOCIATION? JOB #05,QES-88A.05,1979
R2824900,UNION.05_1988,R IN UNION OR EMPLOYEE ASSOCIATION? JOB #05,QES-88A.05,1988
R3067600,UNION.05_1989,R IN UNION OR EMPLOYEE ASSOCIATION? JOB #05,QES-88A.05,1989
R3400000,UNION.05_1990,R IN UNION OR EMPLOYEE ASSOCIATION? JOB #05,QES-88A.05,1990
R3655500,UNION.05_1991,R IN UNION OR EMPLOYEE ASSOCIATION? JOB #05,QES-88A.05,1991
R4006100,UNION.05_1992,R IN UNION OR EMPLOYEE ASSOCIATION? JOB #05,QES-88A.05,1992
R4229700,UNION.05_1993,R IN UNION OR EMPLOYEE ASSOCIATION? JOB #05,QES-88A.05,1993
R4767400,UNION.05_1994,R IN UNION OR EMPLOYEE ASSOCIATION? JOB #05,QES-88A.05,1994
R5445300,UNION.05_1996,R IN UNION OR EMPLOYEE ASSOCIATION? JOB #05,QES-88A.05,1996
R6134500,UNION.05_1998,R IN UNION OR EMPLOYEE ASSOCIATION? JOB #05,QES-88A.05,1998
R6689800,UNION.05_2000,R IN UNION OR EMPLOYEE ASSOCIATION? JOB #05,QES-88A.05,2000
R7350500,UNION.05_2002,R IN UNION OR EMPLOYEE ASSOCIATION? JOB #05,QES-88A.05,2002
R8043500,UNION.05_2004,R IN UNION OR EMPLOYEE ASSOCIATION? JOB #05,QES-88A.05,2004
T0277000,UNION.05_2006,R IN UNION OR EMPLOYEE ASSOCIATION? JOB #05,QES-88A.05,2006
T1427300,UNION.05_2008,R IN UNION OR EMPLOYEE ASSOCIATION? JOB #05,QES-88A.05,2008
T2450500,UNION.05_2010,R IN UNION OR EMPLOYEE ASSOCIATION? JOB # 05,QES-88A.05,2010
T3439800,UNION.05_2012,R IN UNION OR EMPLOYEE ASSOCIATION? JOB # 05,QES-88A.05,2012
T4413600,UNION.05_2014,R IN UNION OR EMPLOYEE ASSOCIATION? JOB # 05,QES-88A.05,2014
T5398100,UNION.05_2016,R IN UNION OR EMPLOYEE ASSOCIATION? JOB # 05,QES-88A.05,2016
R0215100,URBAN-RURAL_1979,IS R'S CURRENT RESIDENCE URBAN/RURAL?,URBAN-RURAL,1979
R0393510,URBAN-RURAL_1980,IS R'S CURRENT RESIDENCE URBAN/RURAL?,URBAN-RURAL,1980
R0646900,URBAN-RURAL_1981,IS R'S CURRENT RESIDENCE URBAN/RURAL?,URBAN-RURAL,1981
R0897800,URBAN-RURAL_1982,IS R'S CURRENT RESIDENCE URBAN/RURAL?,URBAN-RURAL,1982
R1146500,URBAN-RURAL_1983,IS R'S CURRENT RESIDENCE URBAN/RURAL?,URBAN-RURAL,1983
R1521600,URBAN-RURAL_1984,IS R'S CURRENT RESIDENCE URBAN/RURAL?,URBAN-RURAL,1984
R1892300,URBAN-RURAL_1985,IS R'S CURRENT RESIDENCE URBAN/RURAL?,URBAN-RURAL,1985
R2259400,URBAN-RURAL_1986,IS R'S CURRENT RESIDENCE URBAN/RURAL?,URBAN-RURAL,1986
R2446900,URBAN-RURAL_1987,IS R'S CURRENT RESIDENCE URBAN/RURAL?,URBAN-RURAL,1987
R2872700,URBAN-RURAL_1988,IS R'S CURRENT RESIDENCE URBAN/RURAL?,URBAN-RURAL,1988
R3076400,URBAN-RURAL_1989,IS R'S CURRENT RESIDENCE URBAN/RURAL?,URBAN-RURAL,1989
R3403100,URBAN-RURAL_1990,IS R'S CURRENT RESIDENCE URBAN/RURAL?,URBAN-RURAL,1990
R3658500,URBAN-RURAL_1991,IS R'S CURRENT RESIDENCE URBAN/RURAL?,URBAN-RURAL,1991
R4009000,URBAN-RURAL_1992,IS R'S CURRENT RESIDENCE URBAN/RURAL?,URBAN-RURAL,1992
R4420100,URBAN-RURAL_1993,IS R'S CURRENT RESIDENCE URBAN/RURAL?,URBAN-RURAL,1993
R5083100,URBAN-RURAL_1994,IS R'S CURRENT RESIDENCE URBAN/RURAL?,URBAN-RURAL,1994
R5168400,URBAN-RURAL_1996,IS R'S CURRENT RESIDENCE URBAN/RURAL?,URBAN-RURAL,1996
R6481200,URBAN-RURAL_1998,IS R'S CURRENT RESIDENCE URBAN/RURAL?,URBAN-RURAL,1998
R7008900,URBAN-RURAL_2000,IS R'S CURRENT RESIDENCE URBAN/RURAL?,URBAN-RURAL,2000
R7706200,URBAN-RURAL_2002,IS R'S CURRENT RESIDENCE URBAN/RURAL?,URBAN-RURAL,2002
R8498600,URBAN-RURAL_2004,IS R'S CURRENT RESIDENCE URBAN/RURAL?,URBAN-RURAL,2004
T0990400,URBAN-RURAL_2006,IS R'S CURRENT RESIDENCE URBAN/RURAL?,URBAN-RURAL,2006
T2212200,URBAN-RURAL_2008,IS R'S CURRENT RESIDENCE URBAN/RURAL?,URBAN-RURAL,2008
T3110100,URBAN-RURAL_2010,IS R'S CURRENT RESIDENCE URBAN/RURAL?,URBAN-RURAL,2010
T4114600,URBAN-RURAL_2012,IS R'S CURRENT RESIDENCE URBAN/RURAL?,URBAN-RURAL,2012
T5025900,URBAN-RURAL_2014,IS R'S CURRENT RESIDENCE URBAN/RURAL?,URBAN-RURAL,2014
T5774000,URBAN-RURAL_2016,IS R'S CURRENT RESIDENCE URBAN/RURAL?,URBAN-RURAL,2016